"source","term_name","term_id","adjusted_p_value","negative_log10_of_adjusted_p_value","term_size","query_size","intersection_size","effective_domain_size","intersections"
"GO:MF","RNA binding","GO:0003723","1.3543392474757842e-7","6.868272535907534","1914","257","62","18126","KDM1A,PTBP1,STAU2,R3HDM1,MRTO4,NOP58,NUCKS1,DIMT1,KHSRP,CDC5L,HNRNPM,SF3A2,FUBP3,TRDMT1,NPM3,GAR1,KHDRBS2,BYSL,TCERG1,NCL,SUMO1,FARSB,EBNA1BP2,CD3EAP,HEATR1,IFIT2,KHDRBS1,ZNFX1,SNRPC,RPP40,PRMT1,KRI1,LSM7,EXOSC2,DHX30,MYBBP1A,ELP3,CAPRIN1,PARN,RPL11,LBR,RPS3A,RPL7L1,RBMX,RPP30,PPRC1,PDCD11,PSMD4,U2AF1,DUSP14,DDX21,NOLC1,PA2G4,FAM98B,PURG,RPL35A,RDM1,TDRD7,IARS,PTPN1,HDAC2,MAK16"
"GO:MF","snoRNA binding","GO:0030515","0.0015133201528887378","2.820069184386315","30","257","6","18126","NOP58,GAR1,BYSL,HEATR1,DDX21,NOLC1"
"GO:MF","heterocyclic compound binding","GO:1901363","0.019125199493901297","1.7183940260489257","6290","257","120","18126","KDM1A,PTBP1,STAU2,ZIC2,R3HDM1,MRTO4,NOP58,ZNF280C,ERBB3,ZNRD1,KIF2A,NUCKS1,TESK2,PDCD2,MARK3,FMO4,DUSP12,DIMT1,TFAP2C,RFX2,KHSRP,CDC5L,CDC7,HNRNPM,PRMT5,EEA1,ZNF423,PIH1D1,SF3A2,FUBP3,TRDMT1,NPM3,SLC6A4,GAR1,RNGTT,BAG2,KHDRBS2,E2F3,BYSL,TCERG1,NCL,ORC2,SUMO1,FARSB,EBNA1BP2,CD3EAP,HEATR1,NEK6,IFIT2,KHDRBS1,RAB9A,ZNFX1,NAGK,SNRPC,RIOK1,RPP40,UBA2,PRMT1,KRI1,LSM7,EXOSC2,ZNF227,DHX30,MYBBP1A,LARS,ELP3,CAPRIN1,CCT7,ACBD6,ITM2C,ZFP37,ACTR1A,IGF1R,PARN,RPL11,UCK2,SETDB1,LBR,DGKQ,CAMK2D,RPS3A,RPL7L1,RBMX,RPP30,PPRC1,PDCD11,ENDOD1,PHKG2,GART,PSMD4,ZNF222,CBS,U2AF1,PKN3,DUSP14,NUP35,ABCE1,GRPEL2,OTX2,DDX21,NOLC1,CCT2,MLKL,PA2G4,FAM98B,POLR1C,PURG,PFAS,PDXDC1,GLUD2,RPL35A,RUVBL2,NLRP9,RDM1,TDRD7,SUPT3H,IARS,PTPN1,HDAC2,MAK16"
"GO:MF","catalytic activity, acting on RNA","GO:0140098","0.022287448032142547","1.651939656464039","394","257","17","18126","ZNRD1,DIMT1,TRDMT1,FARSB,CD3EAP,MED20,RPP40,EXOSC2,DHX30,LARS,TGS1,PARN,RPP30,DDX21,POLR1C,TRMT2B,IARS"
"GO:MF","unfolded protein binding","GO:0051082","0.025281417376111483","1.5971985814431198","121","257","9","18126","CRYAB,CCT7,DNAJB2,PFDN2,CLGN,GRPEL2,CCT2,RUVBL2,PFDN6"
"GO:MF","organic cyclic compound binding","GO:0097159","0.037639438630968136","1.4243568624310428","6377","257","120","18126","KDM1A,PTBP1,STAU2,ZIC2,R3HDM1,MRTO4,NOP58,ZNF280C,ERBB3,ZNRD1,KIF2A,NUCKS1,TESK2,PDCD2,MARK3,FMO4,DUSP12,DIMT1,TFAP2C,RFX2,KHSRP,CDC5L,CDC7,HNRNPM,PRMT5,EEA1,ZNF423,PIH1D1,SF3A2,FUBP3,TRDMT1,NPM3,SLC6A4,GAR1,RNGTT,BAG2,KHDRBS2,E2F3,BYSL,TCERG1,NCL,ORC2,SUMO1,FARSB,EBNA1BP2,CD3EAP,HEATR1,NEK6,IFIT2,KHDRBS1,RAB9A,ZNFX1,NAGK,SNRPC,RIOK1,RPP40,UBA2,PRMT1,KRI1,LSM7,EXOSC2,ZNF227,DHX30,MYBBP1A,LARS,ELP3,CAPRIN1,CCT7,ACBD6,ITM2C,ZFP37,ACTR1A,IGF1R,PARN,RPL11,UCK2,SETDB1,LBR,DGKQ,CAMK2D,RPS3A,RPL7L1,RBMX,RPP30,PPRC1,PDCD11,ENDOD1,PHKG2,GART,PSMD4,ZNF222,CBS,U2AF1,PKN3,DUSP14,NUP35,ABCE1,GRPEL2,OTX2,DDX21,NOLC1,CCT2,MLKL,PA2G4,FAM98B,POLR1C,PURG,PFAS,PDXDC1,GLUD2,RPL35A,RUVBL2,NLRP9,RDM1,TDRD7,SUPT3H,IARS,PTPN1,HDAC2,MAK16"
"GO:BP","ribonucleoprotein complex biogenesis","GO:0022613","3.1313622616658548e-12","11.50426668672942","433","248","33","17906","MRTO4,NOP58,WDR18,DIMT1,PRMT5,PIH1D1,SF3A2,NPM3,GAR1,BYSL,EBNA1BP2,HEATR1,SNRPC,RIOK1,RPP40,KRI1,EXOSC2,DHX30,MYBBP1A,WDR74,TGS1,RPL11,RPL7L1,RBMX,RPP30,PDCD11,ABCE1,DDX21,NOLC1,PA2G4,RPL35A,RUVBL2,MAK16"
"GO:BP","RNA processing","GO:0006396","5.671836311827015e-12","11.246276311304552","941","248","48","17906","KDM1A,PTBP1,MRTO4,NOP58,WDR18,DIMT1,KHSRP,CDC5L,HNRNPM,PRMT5,PIH1D1,SF3A2,TRDMT1,NPM3,GAR1,RNGTT,KHDRBS2,BYSL,NCL,EBNA1BP2,HEATR1,KHDRBS1,SNRPC,RIOK1,RPP40,DNAJC8,KRI1,LSM7,EXOSC2,WDR74,ELP3,PPIL1,TGS1,PARN,RPL11,RPL7L1,RBMX,RPP30,PDCD11,CWC27,U2AF1,DDX21,NOLC1,PA2G4,FAM98B,RPL35A,TRMT2B,MAK16"
"GO:BP","rRNA processing","GO:0006364","8.175573973547e-12","11.087481747561403","217","248","24","17906","MRTO4,NOP58,WDR18,DIMT1,PIH1D1,NPM3,GAR1,BYSL,EBNA1BP2,HEATR1,RIOK1,RPP40,KRI1,EXOSC2,WDR74,RPL11,RPL7L1,RPP30,PDCD11,DDX21,NOLC1,PA2G4,RPL35A,MAK16"
"GO:BP","ribosome biogenesis","GO:0042254","2.7339769193657026e-11","10.56320515613046","301","248","27","17906","MRTO4,NOP58,WDR18,DIMT1,PIH1D1,NPM3,GAR1,BYSL,EBNA1BP2,HEATR1,RIOK1,RPP40,KRI1,EXOSC2,DHX30,MYBBP1A,WDR74,RPL11,RPL7L1,RPP30,PDCD11,ABCE1,DDX21,NOLC1,PA2G4,RPL35A,MAK16"
"GO:BP","rRNA metabolic process","GO:0016072","2.762066992418995e-11","10.558765792055338","229","248","24","17906","MRTO4,NOP58,WDR18,DIMT1,PIH1D1,NPM3,GAR1,BYSL,EBNA1BP2,HEATR1,RIOK1,RPP40,KRI1,EXOSC2,WDR74,RPL11,RPL7L1,RPP30,PDCD11,DDX21,NOLC1,PA2G4,RPL35A,MAK16"
"GO:BP","ncRNA metabolic process","GO:0034660","6.436103158646126e-11","10.191377003592317","481","248","33","17906","MRTO4,NOP58,WDR18,DIMT1,KHSRP,PIH1D1,TRDMT1,NPM3,GAR1,BYSL,FARSB,EBNA1BP2,HEATR1,RIOK1,RPP40,KRI1,EXOSC2,WDR74,LARS,ELP3,PARN,RPL11,RPL7L1,RPP30,PDCD11,DDX21,NOLC1,PA2G4,FAM98B,RPL35A,TRMT2B,IARS,MAK16"
"GO:BP","ncRNA processing","GO:0034470","2.3406524486216024e-10","9.630663067658089","384","248","29","17906","MRTO4,NOP58,WDR18,DIMT1,PIH1D1,TRDMT1,NPM3,GAR1,BYSL,EBNA1BP2,HEATR1,RIOK1,RPP40,KRI1,EXOSC2,WDR74,ELP3,PARN,RPL11,RPL7L1,RPP30,PDCD11,DDX21,NOLC1,PA2G4,FAM98B,RPL35A,TRMT2B,MAK16"
"GO:BP","nucleic acid metabolic process","GO:0090304","0.00020275101521283453","3.693036962516421","5207","248","111","17906","KDM1A,CX3CL1,PSMB1,PTBP1,ZIC2,MRTO4,NOP58,ZNF280C,WDR18,ZNRD1,NUCKS1,TP53INP2,DIMT1,TFAP2C,RFX2,KHSRP,CDC5L,CDC7,HNRNPM,PRMT5,ZMYND8,ZNF423,PIH1D1,SF3A2,FUBP3,TRDMT1,NPM3,GAR1,CRYAB,RNGTT,FANCE,RNF8,KHDRBS2,E2F3,MDFI,BYSL,TCERG1,NCL,ORC2,SUMO1,FARSB,EBNA1BP2,CD3EAP,HEATR1,RNF2,KHDRBS1,ZNFX1,SNRPC,MED20,KLHDC3,RIOK1,RPP40,DNAJC8,KRI1,PHF10,LSM7,EXOSC2,ZNF227,MYBBP1A,CCNA1,WDR74,LARS,ELP3,CCT7,ZFP37,PPIL1,TGS1,BBS7,PARN,COPS3,RPL11,ITGB3BP,SETDB1,DGKQ,CAMK2D,RPS3A,RPL7L1,MMS22L,RBMX,RPP30,PPRC1,PDCD11,ENDOD1,FADS1,CWC27,TAB3,SKI,PSMD4,ZNF222,CBS,U2AF1,NUP35,UVSSA,ABCE1,OTX2,DDX21,NOLC1,CCT2,PA2G4,FAM98B,POLR1C,PURG,SERTAD2,RPL35A,CNOT10,RUVBL2,TRMT2B,SUPT3H,IARS,HDAC2,MAK16"
"GO:BP","nucleobase-containing compound metabolic process","GO:0006139","0.00021658715992860833","3.6643672934976013","5736","248","119","17906","KDM1A,CX3CL1,PSMB1,PTBP1,NUP160,ZIC2,MRTO4,NOP58,ZNF280C,WDR18,ZNRD1,NUCKS1,TP53INP2,SEH1L,DIMT1,TFAP2C,RFX2,KHSRP,CDC5L,CDC7,HNRNPM,PRMT5,ZMYND8,ZNF423,PIH1D1,SF3A2,FUBP3,TRDMT1,NPM3,GAR1,CRYAB,RNGTT,FANCE,RNF8,KHDRBS2,E2F3,MDFI,BYSL,TCERG1,NCL,ORC2,SUMO1,FARSB,EBNA1BP2,CD3EAP,HEATR1,RNF2,KHDRBS1,NUDT10,ZNFX1,NAGK,SNRPC,MED20,KLHDC3,RIOK1,RPP40,DNAJC8,KRI1,PHF10,LSM7,EXOSC2,ZNF227,MYBBP1A,CCNA1,WDR74,LARS,ELP3,CCT7,ACBD6,ZFP37,PPIL1,TGS1,BBS7,PARN,COPS3,RPL11,ITGB3BP,UCK2,SETDB1,DGKQ,CAMK2D,RPS3A,RPL7L1,MMS22L,RBMX,RPP30,PPRC1,PDCD11,ENDOD1,FADS1,CWC27,TAB3,SKI,GART,PSMD4,ZNF222,CBS,U2AF1,NUP35,UVSSA,ABCE1,OTX2,DDX21,NOLC1,CCT2,PA2G4,FAM98B,POLR1C,PURG,PFAS,SERTAD2,RPL35A,CNOT10,RUVBL2,TRMT2B,SUPT3H,IARS,HDAC2,MAK16"
"GO:BP","cellular aromatic compound metabolic process","GO:0006725","0.0005322133181290341","3.273914261844798","5956","248","121","17906","KDM1A,CX3CL1,PSMB1,PTBP1,NUP160,ZIC2,MRTO4,NOP58,ZNF280C,WDR18,ZNRD1,NUCKS1,TYR,TP53INP2,SEH1L,DIMT1,TFAP2C,RFX2,KHSRP,CDC5L,CDC7,HNRNPM,PRMT5,ZMYND8,ZNF423,PIH1D1,SF3A2,FUBP3,TRDMT1,NPM3,GAR1,CRYAB,RNGTT,FANCE,RNF8,KHDRBS2,E2F3,MDFI,BYSL,TCERG1,NCL,ORC2,SUMO1,FARSB,EBNA1BP2,CD3EAP,HEATR1,RNF2,KHDRBS1,NUDT10,ZNFX1,NAGK,SNRPC,MED20,KLHDC3,RIOK1,RPP40,DNAJC8,KRI1,PHF10,LSM7,EXOSC2,ZNF227,MYBBP1A,CCNA1,WDR74,LARS,ELP3,CCT7,ACBD6,ZFP37,PPIL1,TGS1,BBS7,PARN,COPS3,RPL11,ITGB3BP,UCK2,SETDB1,ALDH1L1,DGKQ,CAMK2D,RPS3A,RPL7L1,MMS22L,RBMX,RPP30,PPRC1,PDCD11,ENDOD1,FADS1,CWC27,TAB3,SKI,GART,PSMD4,ZNF222,CBS,U2AF1,NUP35,UVSSA,ABCE1,OTX2,DDX21,NOLC1,CCT2,PA2G4,FAM98B,POLR1C,PURG,PFAS,SERTAD2,RPL35A,CNOT10,RUVBL2,TRMT2B,SUPT3H,IARS,HDAC2,MAK16"
"GO:BP","heterocycle metabolic process","GO:0046483","0.0006558072924482431","3.1832237583704917","5910","248","120","17906","KDM1A,CX3CL1,PSMB1,PTBP1,NUP160,ZIC2,MRTO4,NOP58,ZNF280C,WDR18,ZNRD1,NUCKS1,TP53INP2,SEH1L,DIMT1,TFAP2C,RFX2,KHSRP,CDC5L,CDC7,HNRNPM,PRMT5,ZMYND8,ZNF423,PIH1D1,SF3A2,FUBP3,TRDMT1,NPM3,GAR1,CRYAB,RNGTT,FANCE,RNF8,KHDRBS2,E2F3,MDFI,BYSL,TCERG1,NCL,ORC2,SUMO1,FARSB,EBNA1BP2,CD3EAP,HEATR1,RNF2,KHDRBS1,NUDT10,ZNFX1,NAGK,SNRPC,MED20,KLHDC3,RIOK1,RPP40,DNAJC8,KRI1,PHF10,LSM7,EXOSC2,ZNF227,MYBBP1A,CCNA1,WDR74,LARS,ELP3,CCT7,ACBD6,ZFP37,PPIL1,TGS1,BBS7,PARN,COPS3,RPL11,ITGB3BP,UCK2,SETDB1,ALDH1L1,DGKQ,CAMK2D,RPS3A,RPL7L1,MMS22L,RBMX,RPP30,PPRC1,PDCD11,ENDOD1,FADS1,CWC27,TAB3,SKI,GART,PSMD4,ZNF222,CBS,U2AF1,NUP35,UVSSA,ABCE1,OTX2,DDX21,NOLC1,CCT2,PA2G4,FAM98B,POLR1C,PURG,PFAS,SERTAD2,RPL35A,CNOT10,RUVBL2,TRMT2B,SUPT3H,IARS,HDAC2,MAK16"
"GO:BP","organic cyclic compound metabolic process","GO:1901360","0.0007016083276895698","3.153905264784315","6185","248","124","17906","KDM1A,CX3CL1,PSMB1,PTBP1,NUP160,ZIC2,MRTO4,NOP58,ZNF280C,WDR18,ZNRD1,NUCKS1,SCARB1,TYR,TP53INP2,SEH1L,DIMT1,TFAP2C,RFX2,KHSRP,CDC5L,CDC7,HNRNPM,PRMT5,ZMYND8,ZNF423,PIH1D1,SF3A2,FUBP3,TRDMT1,NPM3,GAR1,CRYAB,RNGTT,FANCE,RNF8,KHDRBS2,E2F3,MDFI,BYSL,TCERG1,NCL,ORC2,SUMO1,FARSB,EBNA1BP2,CD3EAP,HEATR1,RNF2,KHDRBS1,NUDT10,ZNFX1,NAGK,SNRPC,MED20,KLHDC3,RIOK1,RPP40,DNAJC8,KRI1,PHF10,LSM7,EXOSC2,ZNF227,MYBBP1A,CCNA1,WDR74,LARS,ELP3,CCT7,ACBD6,ZFP37,PPIL1,TGS1,BBS7,RDH16,PARN,COPS3,RPL11,ITGB3BP,UCK2,SETDB1,LBR,ALDH1L1,DGKQ,CAMK2D,RPS3A,RPL7L1,MMS22L,RBMX,RPP30,PPRC1,PDCD11,ENDOD1,FADS1,CWC27,TAB3,SKI,GART,PSMD4,ZNF222,CBS,U2AF1,NUP35,UVSSA,ABCE1,OTX2,DDX21,NOLC1,CCT2,PA2G4,FAM98B,POLR1C,PURG,PFAS,SERTAD2,RPL35A,CNOT10,RUVBL2,TRMT2B,SUPT3H,IARS,HDAC2,MAK16"
"GO:BP","cellular component biogenesis","GO:0044085","0.0009701237738836155","3.013172852449866","3241","248","77","17906","CX3CL1,GOPC,MRTO4,NOP58,WDR18,KIF2A,TESK2,NDE1,TP53INP2,DIMT1,RFX2,TEKT2,PACSIN2,PRMT5,ZMYND8,PIH1D1,SF3A2,COBL,NPM3,SLC6A4,GAR1,CRYAB,WASF1,BYSL,SUMO1,FARSB,EBNA1BP2,HEATR1,NEK6,KHDRBS1,SNRPC,RIOK1,RPP40,PRMT1,KRI1,EXOSC2,DHX30,MYBBP1A,WDR74,DNAJB2,TGS1,LRRC49,ACTR1A,BBS7,IGF1R,RPL11,ITGB3BP,DGKQ,RPL7L1,RBMX,GSN,RPP30,PDCD11,HOMER1,CLGN,SKI,PSMD4,AMFR,INTU,ABCE1,DNAAF2,OTX2,DDX21,NOLC1,CCT2,CENPV,MLKL,GJB1,PA2G4,LRFN4,RPL35A,RUVBL2,TMEM120A,NTNG2,MAK16,BHLHB9,PFDN6"
"GO:BP","RNA metabolic process","GO:0016070","0.001005249880736311","2.99772596975011","4714","248","101","17906","KDM1A,CX3CL1,PSMB1,PTBP1,ZIC2,MRTO4,NOP58,ZNF280C,WDR18,ZNRD1,NUCKS1,TP53INP2,DIMT1,TFAP2C,RFX2,KHSRP,CDC5L,HNRNPM,PRMT5,ZMYND8,ZNF423,PIH1D1,SF3A2,FUBP3,TRDMT1,NPM3,GAR1,CRYAB,RNGTT,RNF8,KHDRBS2,E2F3,MDFI,BYSL,TCERG1,NCL,ORC2,SUMO1,FARSB,EBNA1BP2,CD3EAP,HEATR1,RNF2,KHDRBS1,ZNFX1,SNRPC,MED20,RIOK1,RPP40,DNAJC8,KRI1,PHF10,LSM7,EXOSC2,ZNF227,MYBBP1A,CCNA1,WDR74,LARS,ELP3,ZFP37,PPIL1,TGS1,BBS7,PARN,RPL11,ITGB3BP,SETDB1,DGKQ,CAMK2D,RPS3A,RPL7L1,RBMX,RPP30,PPRC1,PDCD11,FADS1,CWC27,TAB3,SKI,PSMD4,ZNF222,U2AF1,NUP35,ABCE1,OTX2,DDX21,NOLC1,PA2G4,FAM98B,POLR1C,PURG,SERTAD2,RPL35A,CNOT10,RUVBL2,TRMT2B,SUPT3H,IARS,HDAC2,MAK16"
"GO:BP","cellular component organization or biogenesis","GO:0071840","0.0026964546202169395","2.5692068842410927","6667","248","129","17906","KDM1A,CX3CL1,FHL1,GOPC,MRTO4,NOP58,WDR18,KIF2A,NUCKS1,TESK2,NDE1,SCARB1,MARK3,ANKRD13A,TP53INP2,BCORL1,SEH1L,DIMT1,RFX2,TEKT2,PACSIN2,PRMT5,ZMYND8,ARFGAP1,EEA1,PIH1D1,SF3A2,COBL,NPM3,SLC6A4,GAR1,CRYAB,RNF8,WASF1,BYSL,SUMO1,FARSB,EBNA1BP2,HEATR1,NEK6,IFIT2,RNF2,KHDRBS1,ARFGEF2,ZNFX1,SNRPC,KLHDC3,RIOK1,RPP40,PRMT1,IFI6,KRI1,PHF10,EXOSC2,DHX30,MYBBP1A,CCNA1,WDR74,LARS,CAPRIN1,CD63,CCT7,ITM2C,DNAJB2,TGS1,LRRC49,ACTR1A,BBS7,FBN2,IGF1R,SH3GL3,PARN,COPS3,RPL11,ITGB3BP,PFDN2,SETDB1,SYT2,DGKQ,CAMK2D,RPL7L1,RBMX,GSN,RPP30,PPRC1,PDCD11,LIX1L,HOMER1,CLGN,SYCP2L,BUB3,SKI,GDPD5,PSMD4,AMFR,NUP35,HDAC11,INTU,ABCE1,GRPEL2,DNAAF2,OTX2,PDZD8,DDX21,NOLC1,CCT2,TMED3,CENPV,BLCAP,MLKL,GJB1,PA2G4,FRMD5,MAL,LRFN4,SERTAD2,RPL35A,RUVBL2,TANGO2,TMEM120A,SUPT3H,NTNG2,PTPN1,HDAC2,SVIL,GSTK1,MAK16,BHLHB9,PFDN6"
"GO:BP","RNA splicing, via transesterification reactions","GO:0000375","0.005472606584332686","2.261805771370487","357","248","18","17906","KDM1A,PTBP1,KHSRP,CDC5L,HNRNPM,PRMT5,SF3A2,KHDRBS2,NCL,KHDRBS1,SNRPC,DNAJC8,LSM7,PPIL1,TGS1,RBMX,CWC27,U2AF1"
"GO:BP","cellular nitrogen compound metabolic process","GO:0034641","0.007598654110112298","2.1192633240762455","6508","248","125","17906","KDM1A,CX3CL1,PSMB1,PTBP1,NUP160,ZIC2,MRTO4,NOP58,ZNF280C,WDR18,ZNRD1,NUCKS1,TP53INP2,SEH1L,DIMT1,TFAP2C,RFX2,KHSRP,CDC5L,CDC7,HNRNPM,PRMT5,ZMYND8,ZNF423,PIH1D1,SF3A2,FUBP3,TRDMT1,NPM3,GAR1,CRYAB,CPT1A,RNGTT,FANCE,RNF8,KHDRBS2,E2F3,VNN2,MDFI,BYSL,TCERG1,NCL,ORC2,SUMO1,FARSB,EBNA1BP2,CD3EAP,HEATR1,RNF2,KHDRBS1,NUDT10,NLN,ZNFX1,NAGK,SNRPC,MED20,KLHDC3,RIOK1,RPP40,DNAJC8,KRI1,PHF10,LSM7,EXOSC2,ZNF227,MYBBP1A,CCNA1,WDR74,LARS,ELP3,CAPRIN1,CCT7,ACBD6,ZFP37,PPIL1,TGS1,BBS7,PARN,COPS3,RPL11,ITGB3BP,UCK2,SETDB1,ALDH1L1,DGKQ,CAMK2D,RPS3A,RPL7L1,MMS22L,RBMX,RPP30,PPRC1,PDCD11,ENDOD1,FADS1,CWC27,TAB3,SKI,GART,PSMD4,ZNF222,CBS,U2AF1,NUP35,UVSSA,ABCE1,OTX2,DDX21,NOLC1,CCT2,PA2G4,FAM98B,POLR1C,PURG,PFAS,SERTAD2,RPL35A,CNOT10,RUVBL2,TRMT2B,SUPT3H,IARS,HDAC2,GSTK1,MAK16"
"GO:BP","mRNA metabolic process","GO:0016071","0.0077567902044987725","2.1103179546252555","867","248","30","17906","KDM1A,PSMB1,PTBP1,MRTO4,ZNRD1,KHSRP,CDC5L,HNRNPM,PRMT5,SF3A2,RNGTT,KHDRBS2,NCL,KHDRBS1,SNRPC,DNAJC8,LSM7,EXOSC2,PPIL1,TGS1,PARN,RPL11,RPS3A,RBMX,PDCD11,CWC27,PSMD4,U2AF1,RPL35A,CNOT10"
"GO:BP","RNA localization","GO:0006403","0.012820519741111907","1.89209436825546","238","248","14","17906","NUP160,NOP58,SEH1L,KHSRP,PIH1D1,KHDRBS1,EXOSC2,CCT7,PARN,U2AF1,NUP35,ABCE1,CCT2,RUVBL2"
"GO:BP","RNA splicing, via transesterification reactions with bulged adenosine as nucleophile","GO:0000377","0.01982883936572401","1.702702705452447","354","248","17","17906","KDM1A,PTBP1,CDC5L,HNRNPM,PRMT5,SF3A2,KHDRBS2,NCL,KHDRBS1,SNRPC,DNAJC8,LSM7,PPIL1,TGS1,RBMX,CWC27,U2AF1"
"GO:BP","mRNA splicing, via spliceosome","GO:0000398","0.01982883936572401","1.702702705452447","354","248","17","17906","KDM1A,PTBP1,CDC5L,HNRNPM,PRMT5,SF3A2,KHDRBS2,NCL,KHDRBS1,SNRPC,DNAJC8,LSM7,PPIL1,TGS1,RBMX,CWC27,U2AF1"
"GO:BP","ribosomal large subunit biogenesis","GO:0042273","0.021093330608714548","1.6758548403277183","76","248","8","17906","MRTO4,EBNA1BP2,DHX30,WDR74,RPL11,RPL7L1,RPL35A,MAK16"
"GO:BP","protein folding","GO:0006457","0.023849848164939624","1.6225143814598748","218","248","13","17906","CRYAB,BAG2,CCT7,DNAJB2,PPIL1,PFDN2,CWC27,CLGN,AMFR,GRPEL2,CCT2,RUVBL2,PFDN6"
"GO:BP","RNA splicing","GO:0008380","0.02943458410207035","1.5311420962014617","443","248","19","17906","KDM1A,PTBP1,KHSRP,CDC5L,HNRNPM,PRMT5,SF3A2,KHDRBS2,NCL,KHDRBS1,SNRPC,DNAJC8,LSM7,PPIL1,TGS1,RBMX,CWC27,U2AF1,FAM98B"
"GO:CC","intracellular","GO:0005622","1.5656677607231153e-9","8.80530039106025","14626","256","239","18856","LASP1,KDM1A,CX3CL1,RHBDF1,PSMB1,PTBP1,FHL1,NUP160,STAU2,ZIC2,GOPC,MRTO4,NOP58,ZNF280C,CTSA,WDR18,DIP2B,ZNRD1,KIF2A,NUCKS1,TESK2,PDCD2,NDE1,SCARB1,MARK3,FMO4,ANKRD13A,TYR,TP53INP2,DUSP12,BCORL1,SEH1L,DIMT1,TFAP2C,RFX2,KHSRP,TEKT2,CDC5L,CDC7,HNRNPM,PACSIN2,PRMT5,CEP128,ZMYND8,ARFGAP1,EEA1,MEDAG,ZNF423,USP31,PIH1D1,SF3A2,ISYNA1,TMEM59L,WDR91,COBL,FUBP3,TRDMT1,NPM3,CUEDC2,SLC6A4,MANBA,GAR1,CRYAB,CPT1A,RNGTT,FANCE,RNF8,BAG2,KHDRBS2,E2F3,WASF1,MDFI,BYSL,GHR,TCERG1,NCL,ELMOD3,ORC2,SUMO1,FARSB,EBNA1BP2,CD3EAP,CASP8AP2,UBE3D,HEATR1,NEK6,IFIT2,RNF2,KHDRBS1,UBL3,NUDT10,NLN,RAB9A,ARFGEF2,ZNFX1,NAGK,SNRPC,MED20,KLHDC3,RIOK1,RPP40,UBA2,PRMT1,DNAJC8,IFI6,KRI1,PHF10,LSM7,EXOSC2,ZNF227,DHX30,FCRLA,MYBBP1A,COQ3,PPP1R3D,CCNA1,RNF128,WDR74,LARS,ELP3,CAPRIN1,CD63,CCT7,ACBD6,ITM2C,DNAJB2,ZFP37,PPIL1,TGS1,LRRC49,ACTR1A,BBS7,RDH16,SERPINA10,IGF1R,SH3GL3,PARN,COPS3,RPL11,KIAA0319L,ITGB3BP,UCK2,PFDN2,XPR1,SETDB1,LBR,SYT2,ALDH1L1,NCEH1,DGKQ,CAMK2D,RPS3A,RPL7L1,IRAK1BP1,MMS22L,PM20D2,RBMX,GSN,RPP30,FRA10AC1,PPRC1,PDCD11,ENDOD1,FADS1,LIX1L,HOMER1,CWC27,TXNDC11,CLGN,SYCP2L,BUB3,PHKG2,DHRS1,TAB3,SKI,GDPD5,GART,PSMD4,AMFR,ZNF222,CBS,U2AF1,PKN3,NUP35,HDAC11,CADPS,UVSSA,INTU,ABCE1,GRPEL2,DNAAF2,OTX2,PDZD8,DDX21,NOLC1,CCT2,C11ORF74,TMED3,CENPV,MLKL,GJB1,PA2G4,FAM98B,POLR1C,ANO5,PWWP2B,FRMD5,MAL,MANEA,PURG,PLEKHF2,PFAS,SERTAD2,PDXDC1,GLUD2,RPL35A,CNOT10,SLC25A21,RUVBL2,TANGO2,NLRP9,ARHGAP30,RDM1,TMEM120A,TDRD7,SUPT3H,IARS,PTPN1,MYL6B,HDAC2,SVIL,GSTK1,SLC9A8,MAK16,TMA16,FAM169A,BHLHB9,LIPN,PFDN6"
"GO:CC","nucleolus","GO:0005730","2.199841070045073e-8","7.6576086941303725","927","256","40","18856","PTBP1,STAU2,MRTO4,NOP58,WDR18,ZNRD1,KIF2A,NUCKS1,DIMT1,HNRNPM,PIH1D1,NPM3,GAR1,BYSL,NCL,SUMO1,EBNA1BP2,CD3EAP,HEATR1,RPP40,KRI1,EXOSC2,MYBBP1A,WDR74,ELP3,TGS1,PARN,RPL11,KIAA0319L,RPS3A,RPL7L1,RPP30,PDCD11,DDX21,NOLC1,PA2G4,POLR1C,RDM1,MAK16,TMA16"
"GO:CC","organelle","GO:0043226","3.015808658866895e-8","7.520596216195614","13720","256","228","18856","LASP1,KDM1A,RHBDF1,PSMB1,PTBP1,FHL1,NUP160,STAU2,ZIC2,GOPC,MRTO4,NOP58,ZNF280C,CTSA,WDR18,DIP2B,ZNRD1,KIF2A,NUCKS1,TESK2,PDCD2,NDE1,SCARB1,MARK3,FMO4,ANKRD13A,TYR,TP53INP2,DUSP12,CD82,BCORL1,SEH1L,DIMT1,TFAP2C,RFX2,KHSRP,TEKT2,CDC5L,CDC7,HNRNPM,PACSIN2,PRMT5,CEP128,ZMYND8,ARFGAP1,EEA1,ZNF423,USP31,PIH1D1,SF3A2,TMEM59L,WDR91,COBL,FUBP3,TRDMT1,NPM3,CUEDC2,SLC6A4,MANBA,GAR1,CRYAB,CPT1A,RNGTT,FANCE,RNF8,BAG2,KHDRBS2,E2F3,WASF1,MDFI,BYSL,GHR,TCERG1,NCL,ELMOD3,ORC2,SUMO1,EBNA1BP2,CD3EAP,CASP8AP2,UBE3D,HEATR1,NEK6,IFIT2,RNF2,KHDRBS1,UBL3,NUDT10,NLN,RAB9A,ARFGEF2,ZNFX1,NAGK,SNRPC,MED20,KLHDC3,RIOK1,RPP40,UBA2,PRMT1,DNAJC8,IFI6,KRI1,PHF10,LSM7,EXOSC2,ZNF227,DHX30,MYBBP1A,COQ3,PPP1R3D,CCNA1,RNF128,WDR74,LARS,ELP3,CAPRIN1,CD63,CCT7,ITM2C,DNAJB2,ZFP37,PPIL1,TGS1,LRRC49,ACTR1A,BBS7,RDH16,SERPINA10,IGF1R,SH3GL3,PARN,COPS3,RPL11,KIAA0319L,ITGB3BP,PFDN2,XPR1,SETDB1,LBR,SYT2,ALDH1L1,NCEH1,DGKQ,CAMK2D,RPS3A,RPL7L1,IRAK1BP1,MMS22L,PM20D2,RBMX,GSN,RPP30,FRA10AC1,PPRC1,PDCD11,ENDOD1,FADS1,HOMER1,CWC27,TXNDC11,CLGN,SYCP2L,BUB3,DHRS1,TAB3,SKI,GDPD5,GART,PSMD4,AMFR,ZNF222,CBS,U2AF1,PKN3,NUP35,HDAC11,CADPS,UVSSA,INTU,ABCE1,GRPEL2,OTX2,PDZD8,DDX21,NOLC1,CCT2,C11ORF74,TMED3,CENPV,GJB1,PA2G4,FAM98B,POLR1C,ANO5,PWWP2B,FRMD5,MAL,MANEA,PURG,LRFN4,PLEKHF2,PFAS,SERTAD2,PDXDC1,GLUD2,RPL35A,CNOT10,SLC25A21,RUVBL2,TANGO2,ARHGAP30,RDM1,TMEM120A,TDRD7,SUPT3H,IARS,PTPN1,MYL6B,HDAC2,SVIL,GSTK1,SLC9A8,MAK16,TMA16,FAM169A,BHLHB9,LIPN"
"GO:CC","membrane-bounded organelle","GO:0043227","8.261316503695894e-8","7.082950739031708","12584","256","215","18856","KDM1A,RHBDF1,PSMB1,PTBP1,FHL1,NUP160,STAU2,ZIC2,GOPC,MRTO4,NOP58,ZNF280C,CTSA,WDR18,DIP2B,ZNRD1,KIF2A,NUCKS1,TESK2,PDCD2,SCARB1,MARK3,FMO4,ANKRD13A,TYR,TP53INP2,DUSP12,CD82,BCORL1,SEH1L,DIMT1,TFAP2C,RFX2,KHSRP,TEKT2,CDC5L,CDC7,HNRNPM,PACSIN2,PRMT5,ZMYND8,ARFGAP1,EEA1,ZNF423,USP31,PIH1D1,SF3A2,TMEM59L,WDR91,FUBP3,TRDMT1,NPM3,CUEDC2,SLC6A4,MANBA,GAR1,CRYAB,CPT1A,RNGTT,FANCE,RNF8,KHDRBS2,E2F3,WASF1,MDFI,BYSL,GHR,TCERG1,NCL,ORC2,SUMO1,EBNA1BP2,CD3EAP,CASP8AP2,UBE3D,HEATR1,NEK6,IFIT2,RNF2,KHDRBS1,UBL3,NUDT10,NLN,RAB9A,ARFGEF2,ZNFX1,NAGK,SNRPC,MED20,KLHDC3,RIOK1,RPP40,UBA2,PRMT1,DNAJC8,IFI6,KRI1,PHF10,LSM7,EXOSC2,ZNF227,DHX30,MYBBP1A,COQ3,PPP1R3D,CCNA1,RNF128,WDR74,LARS,ELP3,CD63,CCT7,ITM2C,DNAJB2,ZFP37,PPIL1,TGS1,ACTR1A,BBS7,RDH16,SERPINA10,IGF1R,SH3GL3,PARN,COPS3,RPL11,KIAA0319L,ITGB3BP,PFDN2,XPR1,SETDB1,LBR,SYT2,ALDH1L1,NCEH1,DGKQ,CAMK2D,RPS3A,RPL7L1,IRAK1BP1,MMS22L,PM20D2,RBMX,GSN,RPP30,FRA10AC1,PPRC1,PDCD11,ENDOD1,FADS1,CWC27,TXNDC11,CLGN,SYCP2L,BUB3,DHRS1,TAB3,SKI,GDPD5,GART,PSMD4,AMFR,ZNF222,CBS,U2AF1,PKN3,NUP35,HDAC11,CADPS,UVSSA,ABCE1,GRPEL2,OTX2,PDZD8,DDX21,NOLC1,CCT2,TMED3,CENPV,GJB1,PA2G4,FAM98B,POLR1C,ANO5,PWWP2B,MAL,MANEA,PURG,PLEKHF2,PFAS,SERTAD2,PDXDC1,GLUD2,RPL35A,CNOT10,SLC25A21,RUVBL2,TANGO2,ARHGAP30,RDM1,TMEM120A,TDRD7,SUPT3H,IARS,PTPN1,MYL6B,HDAC2,SVIL,GSTK1,SLC9A8,MAK16,TMA16,FAM169A,BHLHB9,LIPN"
"GO:CC","nuclear lumen","GO:0031981","1.329168543254934e-7","6.876419945494786","4780","256","110","18856","KDM1A,PSMB1,PTBP1,STAU2,ZIC2,MRTO4,NOP58,WDR18,ZNRD1,KIF2A,NUCKS1,TESK2,TP53INP2,DUSP12,BCORL1,DIMT1,TFAP2C,RFX2,KHSRP,CDC5L,CDC7,HNRNPM,PACSIN2,PRMT5,ZMYND8,ZNF423,PIH1D1,SF3A2,TRDMT1,NPM3,CUEDC2,GAR1,CRYAB,RNGTT,FANCE,RNF8,KHDRBS2,E2F3,BYSL,TCERG1,NCL,ORC2,SUMO1,EBNA1BP2,CD3EAP,HEATR1,NEK6,RNF2,KHDRBS1,ZNFX1,SNRPC,MED20,KLHDC3,RIOK1,RPP40,UBA2,PRMT1,DNAJC8,KRI1,PHF10,LSM7,EXOSC2,MYBBP1A,CCNA1,WDR74,LARS,ELP3,PPIL1,TGS1,PARN,COPS3,RPL11,KIAA0319L,ITGB3BP,SETDB1,DGKQ,CAMK2D,RPS3A,RPL7L1,MMS22L,PM20D2,RBMX,RPP30,PPRC1,PDCD11,CWC27,SYCP2L,BUB3,SKI,PSMD4,U2AF1,NUP35,HDAC11,UVSSA,OTX2,DDX21,NOLC1,CENPV,PA2G4,FAM98B,POLR1C,PWWP2B,SERTAD2,RUVBL2,RDM1,SUPT3H,HDAC2,MAK16,TMA16,BHLHB9"
"GO:CC","nucleoplasm","GO:0005654","2.1035564531905925e-7","6.677045828320067","4012","256","97","18856","KDM1A,PSMB1,PTBP1,ZIC2,NOP58,WDR18,ZNRD1,KIF2A,NUCKS1,TESK2,TP53INP2,DUSP12,BCORL1,DIMT1,TFAP2C,KHSRP,CDC5L,CDC7,HNRNPM,PACSIN2,PRMT5,ZMYND8,ZNF423,SF3A2,TRDMT1,NPM3,CUEDC2,GAR1,CRYAB,RNGTT,FANCE,RNF8,KHDRBS2,E2F3,BYSL,TCERG1,NCL,ORC2,SUMO1,CD3EAP,HEATR1,NEK6,RNF2,KHDRBS1,SNRPC,MED20,KLHDC3,RIOK1,RPP40,UBA2,PRMT1,DNAJC8,PHF10,LSM7,EXOSC2,MYBBP1A,CCNA1,WDR74,LARS,PPIL1,TGS1,PARN,COPS3,RPL11,ITGB3BP,SETDB1,DGKQ,CAMK2D,RPS3A,MMS22L,PM20D2,RBMX,RPP30,PPRC1,PDCD11,CWC27,SYCP2L,BUB3,SKI,PSMD4,U2AF1,NUP35,HDAC11,UVSSA,DDX21,NOLC1,CENPV,FAM98B,POLR1C,PWWP2B,SERTAD2,RUVBL2,RDM1,SUPT3H,HDAC2,TMA16,BHLHB9"
"GO:CC","intracellular organelle","GO:0043229","4.792009077258532e-7","6.319482367956066","12840","256","216","18856","LASP1,KDM1A,RHBDF1,PSMB1,PTBP1,FHL1,NUP160,STAU2,ZIC2,GOPC,MRTO4,NOP58,ZNF280C,CTSA,WDR18,DIP2B,ZNRD1,KIF2A,NUCKS1,TESK2,PDCD2,NDE1,SCARB1,FMO4,ANKRD13A,TYR,TP53INP2,DUSP12,BCORL1,SEH1L,DIMT1,TFAP2C,RFX2,KHSRP,TEKT2,CDC5L,CDC7,HNRNPM,PACSIN2,PRMT5,CEP128,ZMYND8,ARFGAP1,EEA1,ZNF423,USP31,PIH1D1,SF3A2,TMEM59L,WDR91,COBL,FUBP3,TRDMT1,NPM3,CUEDC2,SLC6A4,MANBA,GAR1,CRYAB,CPT1A,RNGTT,FANCE,RNF8,BAG2,KHDRBS2,E2F3,WASF1,MDFI,BYSL,GHR,TCERG1,NCL,ELMOD3,ORC2,SUMO1,EBNA1BP2,CD3EAP,CASP8AP2,UBE3D,HEATR1,NEK6,IFIT2,RNF2,KHDRBS1,NUDT10,NLN,RAB9A,ARFGEF2,ZNFX1,SNRPC,MED20,KLHDC3,RIOK1,RPP40,UBA2,PRMT1,DNAJC8,IFI6,KRI1,PHF10,LSM7,EXOSC2,ZNF227,DHX30,MYBBP1A,COQ3,PPP1R3D,CCNA1,RNF128,WDR74,LARS,ELP3,CAPRIN1,CD63,CCT7,ITM2C,DNAJB2,ZFP37,PPIL1,TGS1,LRRC49,ACTR1A,BBS7,RDH16,SERPINA10,IGF1R,SH3GL3,PARN,COPS3,RPL11,KIAA0319L,ITGB3BP,PFDN2,XPR1,SETDB1,LBR,SYT2,NCEH1,DGKQ,CAMK2D,RPS3A,RPL7L1,IRAK1BP1,MMS22L,PM20D2,RBMX,GSN,RPP30,FRA10AC1,PPRC1,PDCD11,FADS1,HOMER1,CWC27,TXNDC11,CLGN,SYCP2L,BUB3,DHRS1,TAB3,SKI,GDPD5,PSMD4,AMFR,ZNF222,CBS,U2AF1,PKN3,NUP35,HDAC11,CADPS,UVSSA,INTU,ABCE1,GRPEL2,OTX2,PDZD8,DDX21,NOLC1,CCT2,TMED3,CENPV,PA2G4,FAM98B,POLR1C,ANO5,PWWP2B,FRMD5,MAL,MANEA,PURG,PLEKHF2,SERTAD2,PDXDC1,GLUD2,RPL35A,CNOT10,SLC25A21,RUVBL2,TANGO2,ARHGAP30,RDM1,TMEM120A,TDRD7,SUPT3H,PTPN1,MYL6B,HDAC2,SVIL,GSTK1,SLC9A8,MAK16,TMA16,FAM169A,BHLHB9,LIPN"
"GO:CC","membrane-enclosed lumen","GO:0031974","0.0000016683828967040421","5.777704270939087","5898","256","124","18856","KDM1A,PSMB1,PTBP1,STAU2,ZIC2,MRTO4,NOP58,CTSA,WDR18,ZNRD1,KIF2A,NUCKS1,TESK2,TP53INP2,DUSP12,BCORL1,DIMT1,TFAP2C,RFX2,KHSRP,CDC5L,CDC7,HNRNPM,PACSIN2,PRMT5,ZMYND8,ZNF423,PIH1D1,SF3A2,TRDMT1,NPM3,CUEDC2,MANBA,GAR1,CRYAB,RNGTT,FANCE,RNF8,KHDRBS2,E2F3,BYSL,TCERG1,NCL,ORC2,SUMO1,EBNA1BP2,CD3EAP,HEATR1,NEK6,RNF2,KHDRBS1,NLN,ZNFX1,SNRPC,MED20,KLHDC3,RIOK1,RPP40,UBA2,PRMT1,DNAJC8,KRI1,PHF10,LSM7,EXOSC2,DHX30,MYBBP1A,COQ3,CCNA1,WDR74,LARS,ELP3,CD63,PPIL1,TGS1,SERPINA10,PARN,COPS3,RPL11,KIAA0319L,ITGB3BP,SETDB1,DGKQ,CAMK2D,RPS3A,RPL7L1,MMS22L,PM20D2,RBMX,GSN,RPP30,PPRC1,PDCD11,CWC27,SYCP2L,BUB3,SKI,PSMD4,U2AF1,NUP35,HDAC11,UVSSA,ABCE1,GRPEL2,OTX2,DDX21,NOLC1,CCT2,CENPV,PA2G4,FAM98B,POLR1C,PWWP2B,SERTAD2,RUVBL2,RDM1,TDRD7,SUPT3H,PTPN1,HDAC2,GSTK1,MAK16,TMA16,BHLHB9"
"GO:CC","organelle lumen","GO:0043233","0.0000016683828967040421","5.777704270939087","5898","256","124","18856","KDM1A,PSMB1,PTBP1,STAU2,ZIC2,MRTO4,NOP58,CTSA,WDR18,ZNRD1,KIF2A,NUCKS1,TESK2,TP53INP2,DUSP12,BCORL1,DIMT1,TFAP2C,RFX2,KHSRP,CDC5L,CDC7,HNRNPM,PACSIN2,PRMT5,ZMYND8,ZNF423,PIH1D1,SF3A2,TRDMT1,NPM3,CUEDC2,MANBA,GAR1,CRYAB,RNGTT,FANCE,RNF8,KHDRBS2,E2F3,BYSL,TCERG1,NCL,ORC2,SUMO1,EBNA1BP2,CD3EAP,HEATR1,NEK6,RNF2,KHDRBS1,NLN,ZNFX1,SNRPC,MED20,KLHDC3,RIOK1,RPP40,UBA2,PRMT1,DNAJC8,KRI1,PHF10,LSM7,EXOSC2,DHX30,MYBBP1A,COQ3,CCNA1,WDR74,LARS,ELP3,CD63,PPIL1,TGS1,SERPINA10,PARN,COPS3,RPL11,KIAA0319L,ITGB3BP,SETDB1,DGKQ,CAMK2D,RPS3A,RPL7L1,MMS22L,PM20D2,RBMX,GSN,RPP30,PPRC1,PDCD11,CWC27,SYCP2L,BUB3,SKI,PSMD4,U2AF1,NUP35,HDAC11,UVSSA,ABCE1,GRPEL2,OTX2,DDX21,NOLC1,CCT2,CENPV,PA2G4,FAM98B,POLR1C,PWWP2B,SERTAD2,RUVBL2,RDM1,TDRD7,SUPT3H,PTPN1,HDAC2,GSTK1,MAK16,TMA16,BHLHB9"
"GO:CC","intracellular organelle lumen","GO:0070013","0.0000016683828967040421","5.777704270939087","5898","256","124","18856","KDM1A,PSMB1,PTBP1,STAU2,ZIC2,MRTO4,NOP58,CTSA,WDR18,ZNRD1,KIF2A,NUCKS1,TESK2,TP53INP2,DUSP12,BCORL1,DIMT1,TFAP2C,RFX2,KHSRP,CDC5L,CDC7,HNRNPM,PACSIN2,PRMT5,ZMYND8,ZNF423,PIH1D1,SF3A2,TRDMT1,NPM3,CUEDC2,MANBA,GAR1,CRYAB,RNGTT,FANCE,RNF8,KHDRBS2,E2F3,BYSL,TCERG1,NCL,ORC2,SUMO1,EBNA1BP2,CD3EAP,HEATR1,NEK6,RNF2,KHDRBS1,NLN,ZNFX1,SNRPC,MED20,KLHDC3,RIOK1,RPP40,UBA2,PRMT1,DNAJC8,KRI1,PHF10,LSM7,EXOSC2,DHX30,MYBBP1A,COQ3,CCNA1,WDR74,LARS,ELP3,CD63,PPIL1,TGS1,SERPINA10,PARN,COPS3,RPL11,KIAA0319L,ITGB3BP,SETDB1,DGKQ,CAMK2D,RPS3A,RPL7L1,MMS22L,PM20D2,RBMX,GSN,RPP30,PPRC1,PDCD11,CWC27,SYCP2L,BUB3,SKI,PSMD4,U2AF1,NUP35,HDAC11,UVSSA,ABCE1,GRPEL2,OTX2,DDX21,NOLC1,CCT2,CENPV,PA2G4,FAM98B,POLR1C,PWWP2B,SERTAD2,RUVBL2,RDM1,TDRD7,SUPT3H,PTPN1,HDAC2,GSTK1,MAK16,TMA16,BHLHB9"
"GO:CC","ribonucleoprotein complex","GO:1990904","0.0000018141977641953318","5.741315372613688","697","256","31","18856","MRTO4,NOP58,CDC5L,HNRNPM,PIH1D1,SF3A2,GAR1,BYSL,NCL,EBNA1BP2,HEATR1,SNRPC,RIOK1,RPP40,KRI1,LSM7,WDR74,PPIL1,TGS1,RPL11,RPS3A,RPL7L1,RBMX,RPP30,PDCD11,CWC27,U2AF1,NOLC1,RPL35A,RUVBL2,MAK16"
"GO:CC","intracellular membrane-bounded organelle","GO:0043231","0.0000035841918369344895","5.445608753615819","11067","256","193","18856","KDM1A,RHBDF1,PSMB1,PTBP1,FHL1,NUP160,STAU2,ZIC2,GOPC,MRTO4,NOP58,ZNF280C,CTSA,WDR18,DIP2B,ZNRD1,KIF2A,NUCKS1,TESK2,PDCD2,SCARB1,FMO4,TYR,TP53INP2,DUSP12,BCORL1,SEH1L,DIMT1,TFAP2C,RFX2,KHSRP,TEKT2,CDC5L,CDC7,HNRNPM,PACSIN2,PRMT5,ZMYND8,ARFGAP1,ZNF423,USP31,PIH1D1,SF3A2,TMEM59L,FUBP3,TRDMT1,NPM3,CUEDC2,MANBA,GAR1,CRYAB,CPT1A,RNGTT,FANCE,RNF8,KHDRBS2,E2F3,WASF1,MDFI,BYSL,GHR,TCERG1,NCL,ORC2,SUMO1,EBNA1BP2,CD3EAP,CASP8AP2,UBE3D,HEATR1,NEK6,IFIT2,RNF2,KHDRBS1,NUDT10,NLN,RAB9A,ARFGEF2,ZNFX1,SNRPC,MED20,KLHDC3,RIOK1,RPP40,UBA2,PRMT1,DNAJC8,IFI6,KRI1,PHF10,LSM7,EXOSC2,ZNF227,DHX30,MYBBP1A,COQ3,PPP1R3D,CCNA1,RNF128,WDR74,LARS,ELP3,CD63,ITM2C,DNAJB2,ZFP37,PPIL1,TGS1,BBS7,RDH16,SERPINA10,IGF1R,PARN,COPS3,RPL11,KIAA0319L,ITGB3BP,PFDN2,XPR1,SETDB1,LBR,NCEH1,DGKQ,CAMK2D,RPS3A,RPL7L1,IRAK1BP1,MMS22L,PM20D2,RBMX,GSN,RPP30,FRA10AC1,PPRC1,PDCD11,FADS1,CWC27,TXNDC11,CLGN,SYCP2L,BUB3,DHRS1,SKI,GDPD5,PSMD4,AMFR,ZNF222,CBS,U2AF1,PKN3,NUP35,HDAC11,UVSSA,ABCE1,GRPEL2,OTX2,PDZD8,DDX21,NOLC1,CCT2,TMED3,CENPV,PA2G4,FAM98B,POLR1C,ANO5,PWWP2B,MAL,MANEA,PURG,PLEKHF2,SERTAD2,PDXDC1,GLUD2,CNOT10,SLC25A21,RUVBL2,TANGO2,ARHGAP30,RDM1,TMEM120A,TDRD7,SUPT3H,PTPN1,HDAC2,SVIL,GSTK1,SLC9A8,MAK16,TMA16,FAM169A,BHLHB9,LIPN"
"GO:CC","nucleus","GO:0005634","0.00000722556400625758","5.1411282474993945","7486","256","145","18856","KDM1A,PSMB1,PTBP1,FHL1,NUP160,STAU2,ZIC2,MRTO4,NOP58,ZNF280C,WDR18,DIP2B,ZNRD1,KIF2A,NUCKS1,TESK2,PDCD2,TYR,TP53INP2,DUSP12,BCORL1,SEH1L,DIMT1,TFAP2C,RFX2,KHSRP,TEKT2,CDC5L,CDC7,HNRNPM,PACSIN2,PRMT5,ZMYND8,ZNF423,USP31,PIH1D1,SF3A2,FUBP3,TRDMT1,NPM3,CUEDC2,GAR1,CRYAB,RNGTT,FANCE,RNF8,KHDRBS2,E2F3,MDFI,BYSL,GHR,TCERG1,NCL,ORC2,SUMO1,EBNA1BP2,CD3EAP,CASP8AP2,UBE3D,HEATR1,NEK6,RNF2,KHDRBS1,NUDT10,ZNFX1,SNRPC,MED20,KLHDC3,RIOK1,RPP40,UBA2,PRMT1,DNAJC8,KRI1,PHF10,LSM7,EXOSC2,ZNF227,MYBBP1A,CCNA1,WDR74,LARS,ELP3,DNAJB2,ZFP37,PPIL1,TGS1,BBS7,PARN,COPS3,RPL11,KIAA0319L,ITGB3BP,PFDN2,SETDB1,LBR,DGKQ,CAMK2D,RPS3A,RPL7L1,IRAK1BP1,MMS22L,PM20D2,RBMX,GSN,RPP30,FRA10AC1,PPRC1,PDCD11,FADS1,CWC27,CLGN,SYCP2L,BUB3,SKI,PSMD4,AMFR,ZNF222,CBS,U2AF1,PKN3,NUP35,HDAC11,UVSSA,OTX2,DDX21,NOLC1,CENPV,PA2G4,FAM98B,POLR1C,PWWP2B,PURG,SERTAD2,CNOT10,RUVBL2,RDM1,TMEM120A,SUPT3H,HDAC2,SVIL,MAK16,TMA16,FAM169A,BHLHB9"
"GO:CC","preribosome","GO:0030684","0.000034685420840480774","4.459853031809114","80","256","10","18856","MRTO4,NOP58,BYSL,EBNA1BP2,HEATR1,RIOK1,KRI1,WDR74,PDCD11,MAK16"
"GO:CC","catalytic complex","GO:1902494","0.00022647667635849602","3.644976517052334","1393","256","42","18856","PSMB1,ZNRD1,KHSRP,CDC5L,HNRNPM,PRMT5,EEA1,SF3A2,GAR1,RNF8,SUMO1,FARSB,CD3EAP,UBE3D,RNF2,ZNFX1,MED20,RIOK1,RPP40,UBA2,PRMT1,PHF10,LSM7,EXOSC2,CCNA1,WDR74,DNAJB2,PPIL1,IGF1R,RBMX,RPP30,CWC27,PHKG2,PSMD4,AMFR,U2AF1,HDAC11,NOLC1,POLR1C,RUVBL2,SUPT3H,HDAC2"
"GO:CC","cytosol","GO:0005829","0.002347226106235721","2.6294450731791046","5154","256","102","18856","PSMB1,FHL1,NUP160,NOP58,KIF2A,NDE1,MARK3,TYR,TP53INP2,DUSP12,SEH1L,DIMT1,TFAP2C,KHSRP,PACSIN2,PRMT5,ARFGAP1,EEA1,ISYNA1,WDR91,NPM3,CUEDC2,CRYAB,RNF8,BAG2,BYSL,GHR,SUMO1,FARSB,CD3EAP,UBE3D,NEK6,IFIT2,KHDRBS1,NUDT10,RAB9A,ARFGEF2,NAGK,KLHDC3,RIOK1,PRMT1,DNAJC8,LSM7,EXOSC2,DHX30,CCNA1,RNF128,LARS,ELP3,CAPRIN1,CCT7,ACBD6,DNAJB2,TGS1,ACTR1A,BBS7,PARN,COPS3,RPL11,ITGB3BP,UCK2,PFDN2,ALDH1L1,DGKQ,CAMK2D,RPS3A,RPL7L1,MMS22L,GSN,PDCD11,ENDOD1,HOMER1,BUB3,PHKG2,TAB3,GART,PSMD4,AMFR,CBS,CADPS,ABCE1,DNAAF2,DDX21,CCT2,C11ORF74,CENPV,MLKL,POLR1C,PFAS,SERTAD2,RPL35A,CNOT10,RUVBL2,NLRP9,ARHGAP30,RDM1,IARS,PTPN1,MYL6B,SVIL,GSTK1,BHLHB9"
"GO:CC","non-membrane-bounded organelle","GO:0043228","0.00251705534233057","2.5991072355423985","4964","256","99","18856","LASP1,KDM1A,PTBP1,NUP160,STAU2,MRTO4,NOP58,WDR18,ZNRD1,KIF2A,NUCKS1,NDE1,SEH1L,DIMT1,TFAP2C,RFX2,KHSRP,TEKT2,CDC5L,CDC7,HNRNPM,PACSIN2,CEP128,PIH1D1,COBL,NPM3,GAR1,CRYAB,RNF8,BAG2,E2F3,WASF1,BYSL,GHR,NCL,ELMOD3,ORC2,SUMO1,EBNA1BP2,CD3EAP,HEATR1,NEK6,RNF2,ARFGEF2,ZNFX1,KLHDC3,RPP40,KRI1,PHF10,EXOSC2,DHX30,MYBBP1A,CCNA1,RNF128,WDR74,ELP3,CAPRIN1,CCT7,TGS1,LRRC49,ACTR1A,BBS7,SH3GL3,PARN,RPL11,KIAA0319L,ITGB3BP,SETDB1,DGKQ,RPS3A,RPL7L1,MMS22L,RBMX,GSN,RPP30,PDCD11,HOMER1,SYCP2L,BUB3,SKI,UVSSA,INTU,OTX2,DDX21,NOLC1,CCT2,CENPV,PA2G4,POLR1C,FRMD5,RPL35A,RUVBL2,RDM1,TDRD7,MYL6B,HDAC2,SVIL,MAK16,TMA16"
"GO:CC","Cajal body","GO:0015030","0.0027991466664098186","2.5529743452838587","56","256","7","18856","NOP58,GAR1,SNRPC,TGS1,U2AF1,NOLC1,RDM1"
"GO:CC","intracellular non-membrane-bounded organelle","GO:0043232","0.004154804012312027","2.381449457650966","4954","256","98","18856","LASP1,KDM1A,PTBP1,NUP160,STAU2,MRTO4,NOP58,WDR18,ZNRD1,KIF2A,NUCKS1,NDE1,SEH1L,DIMT1,TFAP2C,RFX2,KHSRP,TEKT2,CDC5L,CDC7,HNRNPM,PACSIN2,CEP128,PIH1D1,COBL,NPM3,GAR1,CRYAB,RNF8,BAG2,E2F3,WASF1,BYSL,GHR,NCL,ELMOD3,ORC2,SUMO1,EBNA1BP2,CD3EAP,HEATR1,NEK6,RNF2,ARFGEF2,ZNFX1,KLHDC3,RPP40,KRI1,PHF10,EXOSC2,DHX30,MYBBP1A,CCNA1,RNF128,WDR74,ELP3,CAPRIN1,CCT7,TGS1,LRRC49,ACTR1A,BBS7,PARN,RPL11,KIAA0319L,ITGB3BP,SETDB1,DGKQ,RPS3A,RPL7L1,MMS22L,RBMX,GSN,RPP30,PDCD11,HOMER1,SYCP2L,BUB3,SKI,UVSSA,INTU,OTX2,DDX21,NOLC1,CCT2,CENPV,PA2G4,POLR1C,FRMD5,RPL35A,RUVBL2,RDM1,TDRD7,MYL6B,HDAC2,SVIL,MAK16,TMA16"
"GO:CC","catalytic step 2 spliceosome","GO:0071013","0.005033359973681039","2.2981420088055553","84","256","8","18856","CDC5L,HNRNPM,SF3A2,LSM7,PPIL1,RBMX,CWC27,U2AF1"
"GO:CC","cytoplasm","GO:0005737","0.012282672810630746","1.910707116859301","11634","256","188","18856","LASP1,CX3CL1,RHBDF1,PSMB1,FHL1,NUP160,STAU2,ZIC2,GOPC,MRTO4,NOP58,CTSA,WDR18,DIP2B,KIF2A,NUCKS1,TESK2,PDCD2,NDE1,SCARB1,MARK3,FMO4,ANKRD13A,TYR,TP53INP2,DUSP12,SEH1L,DIMT1,TFAP2C,RFX2,KHSRP,TEKT2,CDC5L,CDC7,HNRNPM,PACSIN2,PRMT5,CEP128,ZMYND8,ARFGAP1,EEA1,MEDAG,PIH1D1,ISYNA1,TMEM59L,WDR91,COBL,FUBP3,TRDMT1,NPM3,CUEDC2,SLC6A4,MANBA,CRYAB,CPT1A,RNF8,BAG2,WASF1,MDFI,BYSL,GHR,NCL,ELMOD3,SUMO1,FARSB,CD3EAP,CASP8AP2,UBE3D,HEATR1,NEK6,IFIT2,KHDRBS1,NUDT10,NLN,RAB9A,ARFGEF2,NAGK,KLHDC3,RIOK1,UBA2,PRMT1,DNAJC8,IFI6,LSM7,EXOSC2,DHX30,FCRLA,MYBBP1A,COQ3,PPP1R3D,CCNA1,RNF128,LARS,ELP3,CAPRIN1,CD63,CCT7,ACBD6,ITM2C,DNAJB2,TGS1,LRRC49,ACTR1A,BBS7,RDH16,SERPINA10,SH3GL3,PARN,COPS3,RPL11,KIAA0319L,ITGB3BP,UCK2,PFDN2,XPR1,SETDB1,LBR,SYT2,ALDH1L1,NCEH1,DGKQ,CAMK2D,RPS3A,RPL7L1,IRAK1BP1,MMS22L,GSN,PDCD11,ENDOD1,FADS1,LIX1L,HOMER1,TXNDC11,CLGN,BUB3,PHKG2,DHRS1,TAB3,SKI,GDPD5,GART,PSMD4,AMFR,CBS,PKN3,CADPS,INTU,ABCE1,GRPEL2,DNAAF2,PDZD8,DDX21,NOLC1,CCT2,C11ORF74,TMED3,CENPV,MLKL,GJB1,PA2G4,FAM98B,POLR1C,ANO5,MAL,MANEA,PLEKHF2,PFAS,SERTAD2,PDXDC1,GLUD2,RPL35A,CNOT10,SLC25A21,RUVBL2,TANGO2,NLRP9,ARHGAP30,RDM1,TDRD7,IARS,PTPN1,MYL6B,HDAC2,SVIL,GSTK1,SLC9A8,BHLHB9,PFDN6"
"GO:CC","protein-containing complex","GO:0032991","0.021370689276806784","1.6701814701482316","5484","256","103","18856","KDM1A,PSMB1,NUP160,GOPC,MRTO4,NOP58,WDR18,ERBB3,ZNRD1,KIF2A,NDE1,SEH1L,KHSRP,CDC5L,HNRNPM,PRMT5,CEP128,EEA1,PIH1D1,SF3A2,GAR1,CRYAB,FANCE,RNF8,BAG2,E2F3,WASF1,BYSL,GHR,NCL,ORC2,SUMO1,FARSB,EBNA1BP2,CD3EAP,UBE3D,HEATR1,NEK6,RNF2,KHDRBS1,ZNFX1,SNRPC,MED20,RIOK1,RPP40,UBA2,PRMT1,KRI1,PHF10,LSM7,EXOSC2,MYBBP1A,CCNA1,WDR74,LARS,ELP3,CCT7,DNAJB2,PPIL1,TGS1,ACTR1A,BBS7,IGF1R,COPS3,RPL11,PFDN2,CAMK2D,RPS3A,RPL7L1,MMS22L,RBMX,GSN,RPP30,PDCD11,CWC27,BUB3,PHKG2,SKI,PSMD4,AMFR,U2AF1,NUP35,HDAC11,ABCE1,GRPEL2,OTX2,NOLC1,CCT2,TMED3,GJB1,FAM98B,POLR1C,RPL35A,CNOT10,RUVBL2,NLRP9,SUPT3H,IARS,PTPN1,MYL6B,HDAC2,MAK16,PFDN6"
"KEGG","Spliceosome","KEGG:03040","0.008524783474916283","2.0693166430502177","134","108","9","7788","CDC5L,HNRNPM,SF3A2,TCERG1,SNRPC,LSM7,PPIL1,RBMX,U2AF1"
"REAC","Metabolism of RNA","REAC:R-HSA-8953854","2.256736476457498e-11","10.646519151379566","662","166","40","10594","PSMB1,PTBP1,NUP160,NOP58,WDR18,DIMT1,KHSRP,CDC5L,HNRNPM,PRMT5,SF3A2,TRDMT1,GAR1,RNGTT,BYSL,NCL,EBNA1BP2,HEATR1,SNRPC,RIOK1,RPP40,DNAJC8,LSM7,EXOSC2,PPIL1,TGS1,PARN,RPL11,RPS3A,RBMX,RPP30,PDCD11,CWC27,PSMD4,U2AF1,NUP35,DDX21,FAM98B,RPL35A,CNOT10"
"REAC","rRNA processing in the nucleus and cytosol","REAC:R-HSA-8868773","0.000003227517441513418","5.491131402126587","193","166","17","10594","NOP58,WDR18,DIMT1,GAR1,BYSL,NCL,EBNA1BP2,HEATR1,RIOK1,RPP40,EXOSC2,RPL11,RPS3A,RPP30,PDCD11,DDX21,RPL35A"
"REAC","rRNA processing","REAC:R-HSA-72312","0.0000069053823460543695","5.160812269846472","203","166","17","10594","NOP58,WDR18,DIMT1,GAR1,BYSL,NCL,EBNA1BP2,HEATR1,RIOK1,RPP40,EXOSC2,RPL11,RPS3A,RPP30,PDCD11,DDX21,RPL35A"
"REAC","Major pathway of rRNA processing in the nucleolus and cytosol","REAC:R-HSA-6791226","0.00006620863817644745","4.1790853448861895","183","166","15","10594","NOP58,WDR18,BYSL,NCL,EBNA1BP2,HEATR1,RIOK1,RPP40,EXOSC2,RPL11,RPS3A,RPP30,PDCD11,DDX21,RPL35A"
"REAC","Processing of Capped Intron-Containing Pre-mRNA","REAC:R-HSA-72203","0.03470621566391316","1.4595927388460392","237","166","13","10594","PTBP1,NUP160,CDC5L,HNRNPM,SF3A2,SNRPC,DNAJC8,LSM7,PPIL1,RBMX,CWC27,U2AF1,NUP35"
"REAC","mRNA Splicing - Major Pathway","REAC:R-HSA-72163","0.04303531409133235","1.3661750230077274","178","166","11","10594","PTBP1,CDC5L,HNRNPM,SF3A2,SNRPC,DNAJC8,LSM7,PPIL1,RBMX,CWC27,U2AF1"
"WP","mRNA Processing","WP:WP411","0.010595810532505376","1.974865816081025","127","97","9","6646","PTBP1,HNRNPM,SF3A2,RNGTT,PRMT1,DNAJC8,LSM7,RBMX,U2AF1"
"WP","Ciliary landscape","WP:WP4352","0.03245175088982359","1.488761866466841","215","97","11","6646","CTSA,TFAP2C,RNGTT,EXOSC2,BBS7,COPS3,CBS,INTU,CNOT10,MYL6B,HDAC2"
"TF","Factor: E2F-4; motif: NTTTCSCGCC","TF:M07380","0.0003884481659660382","3.41066692470552","13108","269","216","19945","LASP1,KDM1A,CX3CL1,RHBDF1,PTBP1,FHL1,NUP160,STAU2,ZIC2,GOPC,MRTO4,NOP58,ZNF280C,CTSA,WDR18,ERBB3,KIF2A,NUCKS1,TESK2,PDCD2,NDE1,SCARB1,FMO4,ANKRD13A,PAG1,TP53INP2,CD82,SEH1L,DIMT1,TFAP2C,KHSRP,TEKT2,CDC5L,CDC7,HNRNPM,PACSIN2,PRMT5,ZMYND8,ARFGAP1,EEA1,MEDAG,USP31,PIH1D1,SF3A2,ISYNA1,WDR91,COBL,FUBP3,TRDMT1,NPM3,CUEDC2,SLC6A4,MANBA,GAR1,FANCE,RNF8,BAG2,KHDRBS2,E2F3,WASF1,MDFI,BYSL,TCERG1,NCL,ELMOD3,ORC2,SUMO1,FARSB,EBNA1BP2,CD3EAP,CASP8AP2,UBE3D,HEATR1,NEK6,RNF2,KHDRBS1,UBL3,NUDT10,NLN,ITIH5,RAB9A,TTPAL,ARFGEF2,ZNFX1,NAGK,SNRPC,MED20,RIOK1,RPP40,UBA2,PRMT1,DNAJC8,KRI1,PHF10,LSM7,EXOSC2,ZNF227,DHX30,MYBBP1A,PPP1R3D,CCNA1,WDR74,LARS,ELP3,CAPRIN1,CD63,CCT7,ITM2C,DNAJB2,PPIL1,TGS1,LRRC49,ACTR1A,FBN2,GUCD1,IGF1R,SH3GL3,PARN,COPS3,RPL11,KIAA0319L,ITGB3BP,UCK2,PFDN2,XPR1,SETDB1,LBR,SYT2,ALDH1L1,DGKQ,CAMK2D,RPS3A,RPL7L1,IRAK1BP1,MMS22L,PM20D2,RBMX,RPP30,PPRC1,PDCD11,ENDOD1,FADS1,LIX1L,HOMER1,CWC27,TXNDC11,CLGN,SYCP2L,FBXO36,BUB3,PHKG2,DHRS1,SKI,GART,PSMD4,AMFR,ZNF222,CBS,U2AF1,PKN3,DUSP14,CCDC138,CADPS,UVSSA,ABCE1,GRPEL2,DNAAF2,PDZD8,DDX21,NOLC1,CCT2,C11ORF74,CENPV,FAM102A,KIAA1586,MLKL,GJB1,RALGAPB,PA2G4,FAM98B,POLR1C,ANO5,PWWP2B,FRMD5,MAL,MANEA,PURG,LRFN4,PLEKHF2,PFAS,SERTAD2,PDXDC1,GLUD2,RPL35A,CNOT10,SLC25A21,RUVBL2,TANGO2,TMEM106A,TRMT2B,TMEM120A,TDRD7,IARS,NTNG2,PTPN1,HDAC2,SLC39A10,GSTK1,CXORF40A,SLC9A8,MAK16,TMEM229B,TMA16,FAM169A,BHLHB9,PFDN6"
"TF","Factor: E2F-4; motif: NTTTCSCGCC; match class: 0","TF:M07380_0","0.0003884481659660382","3.41066692470552","13108","269","216","19945","LASP1,KDM1A,CX3CL1,RHBDF1,PTBP1,FHL1,NUP160,STAU2,ZIC2,GOPC,MRTO4,NOP58,ZNF280C,CTSA,WDR18,ERBB3,KIF2A,NUCKS1,TESK2,PDCD2,NDE1,SCARB1,FMO4,ANKRD13A,PAG1,TP53INP2,CD82,SEH1L,DIMT1,TFAP2C,KHSRP,TEKT2,CDC5L,CDC7,HNRNPM,PACSIN2,PRMT5,ZMYND8,ARFGAP1,EEA1,MEDAG,USP31,PIH1D1,SF3A2,ISYNA1,WDR91,COBL,FUBP3,TRDMT1,NPM3,CUEDC2,SLC6A4,MANBA,GAR1,FANCE,RNF8,BAG2,KHDRBS2,E2F3,WASF1,MDFI,BYSL,TCERG1,NCL,ELMOD3,ORC2,SUMO1,FARSB,EBNA1BP2,CD3EAP,CASP8AP2,UBE3D,HEATR1,NEK6,RNF2,KHDRBS1,UBL3,NUDT10,NLN,ITIH5,RAB9A,TTPAL,ARFGEF2,ZNFX1,NAGK,SNRPC,MED20,RIOK1,RPP40,UBA2,PRMT1,DNAJC8,KRI1,PHF10,LSM7,EXOSC2,ZNF227,DHX30,MYBBP1A,PPP1R3D,CCNA1,WDR74,LARS,ELP3,CAPRIN1,CD63,CCT7,ITM2C,DNAJB2,PPIL1,TGS1,LRRC49,ACTR1A,FBN2,GUCD1,IGF1R,SH3GL3,PARN,COPS3,RPL11,KIAA0319L,ITGB3BP,UCK2,PFDN2,XPR1,SETDB1,LBR,SYT2,ALDH1L1,DGKQ,CAMK2D,RPS3A,RPL7L1,IRAK1BP1,MMS22L,PM20D2,RBMX,RPP30,PPRC1,PDCD11,ENDOD1,FADS1,LIX1L,HOMER1,CWC27,TXNDC11,CLGN,SYCP2L,FBXO36,BUB3,PHKG2,DHRS1,SKI,GART,PSMD4,AMFR,ZNF222,CBS,U2AF1,PKN3,DUSP14,CCDC138,CADPS,UVSSA,ABCE1,GRPEL2,DNAAF2,PDZD8,DDX21,NOLC1,CCT2,C11ORF74,CENPV,FAM102A,KIAA1586,MLKL,GJB1,RALGAPB,PA2G4,FAM98B,POLR1C,ANO5,PWWP2B,FRMD5,MAL,MANEA,PURG,LRFN4,PLEKHF2,PFAS,SERTAD2,PDXDC1,GLUD2,RPL35A,CNOT10,SLC25A21,RUVBL2,TANGO2,TMEM106A,TRMT2B,TMEM120A,TDRD7,IARS,NTNG2,PTPN1,HDAC2,SLC39A10,GSTK1,CXORF40A,SLC9A8,MAK16,TMEM229B,TMA16,FAM169A,BHLHB9,PFDN6"
"TF","Factor: E2F-4; motif: NTTTCSCGCC; match class: 1","TF:M07380_1","0.004246741680594029","2.3719441553277902","8007","269","147","19945","LASP1,CX3CL1,PTBP1,FHL1,NUP160,STAU2,ZIC2,GOPC,MRTO4,NOP58,ZNF280C,CTSA,WDR18,ERBB3,KIF2A,PDCD2,NDE1,PAG1,CD82,SEH1L,TFAP2C,KHSRP,TEKT2,CDC7,PACSIN2,ARFGAP1,EEA1,USP31,PIH1D1,SF3A2,ISYNA1,WDR91,COBL,FUBP3,NPM3,CUEDC2,SLC6A4,MANBA,GAR1,KHDRBS2,E2F3,WASF1,MDFI,BYSL,NCL,ORC2,SUMO1,FARSB,EBNA1BP2,CD3EAP,CASP8AP2,NEK6,RNF2,KHDRBS1,NLN,TTPAL,ARFGEF2,ZNFX1,NAGK,SNRPC,MED20,RIOK1,RPP40,UBA2,KRI1,LSM7,EXOSC2,ZNF227,DHX30,MYBBP1A,CCNA1,WDR74,LARS,CD63,CCT7,ITM2C,PPIL1,TGS1,ACTR1A,FBN2,GUCD1,IGF1R,SH3GL3,COPS3,KIAA0319L,UCK2,PFDN2,SETDB1,LBR,SYT2,ALDH1L1,CAMK2D,RPS3A,RPL7L1,MMS22L,PPRC1,ENDOD1,FADS1,HOMER1,TXNDC11,CLGN,SYCP2L,FBXO36,BUB3,PHKG2,DHRS1,SKI,GART,PSMD4,AMFR,U2AF1,PKN3,DUSP14,CCDC138,UVSSA,ABCE1,FAM102A,KIAA1586,PA2G4,FAM98B,ANO5,PWWP2B,FRMD5,MAL,MANEA,PLEKHF2,PFAS,SERTAD2,PDXDC1,GLUD2,RPL35A,CNOT10,SLC25A21,RUVBL2,TMEM106A,TRMT2B,TMEM120A,TDRD7,IARS,NTNG2,HDAC2,SLC39A10,GSTK1,CXORF40A,SLC9A8,TMA16,BHLHB9"
"TF","Factor: ETV7; motif: NCCGGAANNN; match class: 1","TF:M02071_1","0.004493467140624776","2.3474184298267993","4485","269","95","19945","RHBDF1,PSMB1,PTBP1,NUP160,ERBB3,ZNRD1,KIF2A,PDCD2,NDE1,SEH1L,KHSRP,TEKT2,PACSIN2,EEA1,PIH1D1,ISYNA1,FUBP3,NPM3,CPT1A,BYSL,NCL,EBNA1BP2,HEATR1,KHDRBS1,TTPAL,ARFGEF2,SNRPC,MED20,KLHDC3,RIOK1,UBA2,PRMT1,KRI1,ZNF227,PPP1R3D,ELP3,CAPRIN1,CD63,ITM2C,ZFP37,PPIL1,TGS1,LRRC49,GUCD1,PARN,RPL11,KIAA0319L,UCK2,PFDN2,SETDB1,DGKQ,RPS3A,RPL7L1,FRA10AC1,PDCD11,CWC27,TXNDC11,FBXO36,PHKG2,DHRS1,SKI,GART,PSMD4,CBS,U2AF1,HDAC11,UVSSA,GRPEL2,DNAAF2,PDZD8,DDX21,NOLC1,CCT2,GJB1,RALGAPB,PA2G4,FAM98B,POLR1C,ANO5,MANEA,LRFN4,CNOT10,RUVBL2,TANGO2,RDM1,IARS,MYL6B,SLC39A10,GSTK1,CXORF40A,SLC9A8,MAK16,TMA16,BHLHB9,PFDN6"
"TF","Factor: Sp1; motif: NGGGGGCGGGGCCNGGGGGGGG; match class: 0","TF:M10071_0","0.004902036136295361","2.3096234915874443","8531","269","154","19945","LASP1,KDM1A,RHBDF1,PSMB1,MRC2,PTBP1,TMEM159,FHL1,NUP160,STAU2,DIP2B,KIF2A,NUCKS1,TESK2,PDCD2,NDE1,SCARB1,MARK3,ANKRD13A,PAG1,CD82,SEH1L,TFAP2C,RFX2,KHSRP,CDC5L,CDC7,HNRNPM,PACSIN2,ZMYND8,ARFGAP1,EEA1,ZNF423,USP31,PIH1D1,ISYNA1,TMEM59L,WDR91,COBL,FUBP3,NPM3,MANBA,RNGTT,FANCE,BAG2,E2F3,WASF1,BYSL,NCL,ORC2,FARSB,EBNA1BP2,CD3EAP,CASP8AP2,UBE3D,NEK6,RNF2,NUDT10,NLN,ITIH5,RAB9A,ZNFX1,NAGK,MED20,KLHDC3,RPP40,PRMT1,DNAJC8,KRI1,PHF10,EXOSC2,DHX30,PPP1R3D,CCNA1,ELP3,CAPRIN1,CD63,CCT7,ACBD6,ITM2C,DNAJB2,TGS1,ACTR1A,FBN2,GUCD1,IGF1R,PARN,IGSF3,UCK2,PFDN2,XPR1,SETDB1,LBR,SYT2,ALDH1L1,DGKQ,CAMK2D,RPS3A,ENDOD1,FADS1,LIX1L,HOMER1,TXNDC11,SYCP2L,FBXO36,SKI,GART,AMFR,CBS,U2AF1,PKN3,DUSP14,CCDC138,HDAC11,CADPS,UVSSA,NOLC1,CCT2,CENPV,FAM102A,KIAA1586,MLKL,GJB1,RALGAPB,PA2G4,ANO5,PWWP2B,FRMD5,MAL,MANEA,PURG,LRFN4,PLEKHF2,PFAS,SERTAD2,PDXDC1,CCDC149,CNOT10,RUVBL2,TANGO2,RDM1,TRMT2B,TMEM120A,TDRD7,SUPT3H,PTPN1,MYL6B,CXORF40A,SLC9A8,TMEM229B,TMA16,FAM169A,BHLHB9,PFDN6"
"TF","Factor: Sp1; motif: NGGGGGCGGGGCCNGGGGGGGG","TF:M10071","0.004902036136295361","2.3096234915874443","8531","269","154","19945","LASP1,KDM1A,RHBDF1,PSMB1,MRC2,PTBP1,TMEM159,FHL1,NUP160,STAU2,DIP2B,KIF2A,NUCKS1,TESK2,PDCD2,NDE1,SCARB1,MARK3,ANKRD13A,PAG1,CD82,SEH1L,TFAP2C,RFX2,KHSRP,CDC5L,CDC7,HNRNPM,PACSIN2,ZMYND8,ARFGAP1,EEA1,ZNF423,USP31,PIH1D1,ISYNA1,TMEM59L,WDR91,COBL,FUBP3,NPM3,MANBA,RNGTT,FANCE,BAG2,E2F3,WASF1,BYSL,NCL,ORC2,FARSB,EBNA1BP2,CD3EAP,CASP8AP2,UBE3D,NEK6,RNF2,NUDT10,NLN,ITIH5,RAB9A,ZNFX1,NAGK,MED20,KLHDC3,RPP40,PRMT1,DNAJC8,KRI1,PHF10,EXOSC2,DHX30,PPP1R3D,CCNA1,ELP3,CAPRIN1,CD63,CCT7,ACBD6,ITM2C,DNAJB2,TGS1,ACTR1A,FBN2,GUCD1,IGF1R,PARN,IGSF3,UCK2,PFDN2,XPR1,SETDB1,LBR,SYT2,ALDH1L1,DGKQ,CAMK2D,RPS3A,ENDOD1,FADS1,LIX1L,HOMER1,TXNDC11,SYCP2L,FBXO36,SKI,GART,AMFR,CBS,U2AF1,PKN3,DUSP14,CCDC138,HDAC11,CADPS,UVSSA,NOLC1,CCT2,CENPV,FAM102A,KIAA1586,MLKL,GJB1,RALGAPB,PA2G4,ANO5,PWWP2B,FRMD5,MAL,MANEA,PURG,LRFN4,PLEKHF2,PFAS,SERTAD2,PDXDC1,CCDC149,CNOT10,RUVBL2,TANGO2,RDM1,TRMT2B,TMEM120A,TDRD7,SUPT3H,PTPN1,MYL6B,CXORF40A,SLC9A8,TMEM229B,TMA16,FAM169A,BHLHB9,PFDN6"
"TF","Factor: ZF5; motif: GSGCGCGR; match class: 1","TF:M00716_1","0.005536596784650314","2.2567571038273804","14196","269","225","19945","LASP1,KDM1A,CX3CL1,RHBDF1,MRC2,PTBP1,TMEM159,FHL1,NUP160,STAU2,ZIC2,GOPC,MRTO4,NOP58,ZNF280C,CTSA,WDR18,ERBB3,DIP2B,ZNRD1,KIF2A,NUCKS1,TESK2,PDCD2,NDE1,SCARB1,MARK3,ANKRD13A,PAG1,TP53INP2,DUSP12,CD82,BCORL1,SEH1L,DIMT1,TFAP2C,RFX2,KHSRP,TEKT2,CDC5L,CDC7,HNRNPM,PACSIN2,ARFGAP1,EEA1,MEDAG,USP31,PIH1D1,SF3A2,ISYNA1,TMEM59L,WDR91,COBL,FUBP3,TRDMT1,CUEDC2,SLC6A4,MANBA,CPT1A,RNGTT,FANCE,RNF8,BAG2,KHDRBS2,E2F3,WASF1,MDFI,BYSL,TCERG1,NCL,ELMOD3,ORC2,SUMO1,CD3EAP,CASP8AP2,NEK6,RNF2,KHDRBS1,UBL3,NUDT10,NLN,ITIH5,RAB9A,TTPAL,ARFGEF2,ZNFX1,NAGK,SNRPC,MED20,KLHDC3,RIOK1,RPP40,UBA2,PRMT1,DNAJC8,KRI1,PHF10,LSM7,ZNF227,DHX30,MYBBP1A,COQ3,PPP1R3D,CCNA1,RNF128,WDR74,LRRIQ1,LARS,CAPRIN1,CD63,ACBD6,ITM2C,DNAJB2,ZFP37,PPIL1,TGS1,LRRC49,ACTR1A,BBS7,FBN2,GUCD1,IGF1R,SH3GL3,PARN,COPS3,KIAA0319L,ITGB3BP,IGSF3,UCK2,PFDN2,XPR1,SETDB1,LBR,SYT2,ALDH1L1,DGKQ,CAMK2D,RPS3A,RPL7L1,IRAK1BP1,MMS22L,PM20D2,RBMX,RPP30,FRA10AC1,PPRC1,PDCD11,ENDOD1,FADS1,LIX1L,HOMER1,CWC27,TXNDC11,CLGN,SYCP2L,FBXO36,BUB3,PHKG2,DHRS1,SKI,GART,PSMD4,AMFR,ZNF222,CBS,U2AF1,PKN3,DUSP14,CCDC138,HDAC11,CADPS,UVSSA,ABCE1,GRPEL2,DNAAF2,PDZD8,DDX21,NOLC1,CCT2,C11ORF74,TMED3,CENPV,BLCAP,FAM102A,MLKL,GJB1,RALGAPB,PA2G4,FAM98B,POLR1C,ANO5,PWWP2B,FRMD5,MAL,MANEA,PURG,LRFN4,PLEKHF2,PFAS,SERTAD2,PDXDC1,CCDC149,GLUD2,CNOT10,SLC25A21,RUVBL2,TANGO2,TMEM120A,TDRD7,SUPT3H,IARS,NTNG2,PTPN1,MYL6B,HDAC2,SLC39A10,GSTK1,CXORF40A,SLC9A8,MAK16,TMEM229B,TMA16,FAM169A,BHLHB9,PFDN6"
"TF","Factor: Elk-1; motif: NNNNCCGGAARTNN; match class: 1","TF:M00025_1","0.00786353843008295","2.1043819864209667","4668","269","97","19945","RHBDF1,PSMB1,PTBP1,STAU2,ZNRD1,PDCD2,NDE1,SCARB1,SEH1L,KHSRP,TEKT2,PACSIN2,ARFGAP1,EEA1,ISYNA1,FUBP3,NPM3,GAR1,CPT1A,RNGTT,BYSL,NCL,SUMO1,EBNA1BP2,HEATR1,KHDRBS1,TTPAL,ARFGEF2,SNRPC,MED20,KLHDC3,RIOK1,UBA2,PRMT1,KRI1,ZNF227,DHX30,ELP3,CAPRIN1,ITM2C,ZFP37,PPIL1,TGS1,LRRC49,GUCD1,PARN,COPS3,RPL11,KIAA0319L,UCK2,PFDN2,SETDB1,NCEH1,DGKQ,RPS3A,RPL7L1,FRA10AC1,PDCD11,CWC27,TXNDC11,FBXO36,PHKG2,DHRS1,SKI,GART,PSMD4,CBS,U2AF1,HDAC11,UVSSA,GRPEL2,DNAAF2,DDX21,NOLC1,CCT2,KIAA1586,GJB1,RALGAPB,PA2G4,FAM98B,POLR1C,LRFN4,CNOT10,RUVBL2,TANGO2,ARHGAP30,RDM1,IARS,PTPN1,MYL6B,GSTK1,CXORF40A,SLC9A8,MAK16,TMA16,BHLHB9,PFDN6"
"TF","Factor: E2F-4; motif: GCGGGAAANA; match class: 1","TF:M02090_1","0.008972080917769734","2.0471068182386003","6410","269","123","19945","LASP1,CX3CL1,RHBDF1,PSMB1,PTBP1,FHL1,NUP160,STAU2,MRTO4,ZNF280C,CTSA,WDR18,KIF2A,NDE1,MARK3,SEH1L,TFAP2C,KHSRP,TEKT2,CDC7,HNRNPM,ARFGAP1,EEA1,USP31,PIH1D1,SF3A2,ISYNA1,TMEM59L,COBL,FUBP3,CUEDC2,SLC6A4,RNGTT,KHDRBS2,E2F3,WASF1,MDFI,BYSL,NCL,ORC2,FARSB,CD3EAP,CASP8AP2,NEK6,RNF2,KHDRBS1,UBL3,NUDT10,ITIH5,RAB9A,ZNFX1,MED20,RPP40,UBA2,PRMT1,KRI1,PHF10,LSM7,EXOSC2,DHX30,PPP1R3D,CCNA1,CAPRIN1,CD63,ACBD6,ITM2C,IGF1R,SH3GL3,KIAA0319L,SETDB1,LBR,SYT2,ALDH1L1,NCEH1,CAMK2D,MMS22L,PM20D2,FRA10AC1,FADS1,HOMER1,TXNDC11,CLGN,SYCP2L,FBXO36,BUB3,PHKG2,SKI,GART,AMFR,CBS,U2AF1,PKN3,ABCE1,PDZD8,DDX21,NOLC1,CENPV,KIAA1586,RALGAPB,PA2G4,POLR1C,ANO5,FRMD5,PURG,LRFN4,PLEKHF2,PFAS,SERTAD2,CCDC149,CNOT10,TMEM106A,TRMT2B,TDRD7,NTNG2,PTPN1,MYL6B,HDAC2,GSTK1,CXORF40A,MAK16,TMEM229B,BHLHB9,PFDN6"
"TF","Factor: E2F-3:HES-7; motif: NNNSGCGCSNNNNNCRCGYGNN; match class: 1","TF:M08526_1","0.014927518140883724","1.8260123923631706","15121","269","234","19945","LASP1,KDM1A,RHBDF1,PSMB1,MRC2,PTBP1,TMEM159,FHL1,NUP160,STAU2,ZIC2,GOPC,MRTO4,NOP58,ZNF280C,CTSA,WDR18,ERBB3,DIP2B,KIF2A,NUCKS1,TESK2,PDCD2,NDE1,SCARB1,MARK3,FMO4,ANKRD13A,PAG1,TP53INP2,DUSP12,CD82,SEH1L,DIMT1,TFAP2C,KHSRP,TEKT2,CDC5L,CDC7,HNRNPM,PACSIN2,PRMT5,ZMYND8,ARFGAP1,EEA1,MEDAG,ZNF423,USP31,PIH1D1,SF3A2,ISYNA1,TMEM59L,WDR91,COBL,FUBP3,TRDMT1,NPM3,CUEDC2,SLC6A4,MANBA,GAR1,CPT1A,RNGTT,FANCE,RNF8,BAG2,KHDRBS2,E2F3,WASF1,MDFI,BYSL,TCERG1,NCL,ORC2,SUMO1,FARSB,EBNA1BP2,CD3EAP,CASP8AP2,UBE3D,HEATR1,NEK6,RNF2,KHDRBS1,UBL3,NUDT10,NLN,ITIH5,RAB9A,TTPAL,ARFGEF2,ZNFX1,NAGK,SNRPC,MED20,KLHDC3,RIOK1,RPP40,UBA2,PRMT1,DNAJC8,IFI6,KRI1,PHF10,LSM7,EXOSC2,ZNF227,DHX30,COQ3,PPP1R3D,CCNA1,RNF128,ELP3,CAPRIN1,CD63,CCT7,ACBD6,ITM2C,DNAJB2,PPIL1,TGS1,LRRC49,ACTR1A,BBS7,FBN2,GUCD1,SERPINA10,IGF1R,SH3GL3,PARN,COPS3,RPL11,KIAA0319L,ITGB3BP,IGSF3,UCK2,PFDN2,XPR1,LBR,SYT2,ALDH1L1,NCEH1,DGKQ,CAMK2D,RPS3A,RPL7L1,IRAK1BP1,MMS22L,PM20D2,RBMX,RPP30,FRA10AC1,PPRC1,PDCD11,ENDOD1,FADS1,LIX1L,HOMER1,TXNDC11,CLGN,SYCP2L,FBXO36,BUB3,PHKG2,DHRS1,TAB3,SKI,GART,PSMD4,AMFR,CBS,U2AF1,PKN3,DUSP14,CCDC138,HDAC11,CADPS,UVSSA,INTU,ABCE1,GRPEL2,DNAAF2,PDZD8,DDX21,NOLC1,CCT2,TMED3,CENPV,BLCAP,FAM102A,KIAA1586,MLKL,GJB1,RALGAPB,PA2G4,POLR1C,ANO5,PWWP2B,FRMD5,MAL,MANEA,PURG,LRFN4,PLEKHF2,PFAS,SERTAD2,PDXDC1,CCDC149,GLUD2,RPL35A,CNOT10,SLC25A21,RUVBL2,TANGO2,TMEM106A,ARHGAP30,RDM1,TRMT2B,TMEM120A,TDRD7,SUPT3H,IARS,NTNG2,PTPN1,HDAC2,SLC39A10,GSTK1,CXORF40A,SLC9A8,MAK16,TMEM229B,TMA16,FAM169A,BHLHB9"
"TF","Factor: ZF5; motif: GGSGCGCGS; match class: 0","TF:M10438_0","0.016212088726222814","1.7901610280981508","16365","269","247","19945","LASP1,KDM1A,RHBDF1,PSMB1,MRC2,PTBP1,TMEM159,FHL1,NUP160,STAU2,ZIC2,GOPC,MRTO4,NOP58,ZNF280C,CTSA,WDR18,ERBB3,DIP2B,ZNRD1,KIF2A,NUCKS1,TESK2,PDCD2,NDE1,SCARB1,MARK3,ANKRD13A,PAG1,TP53INP2,DUSP12,CD82,BCORL1,SEH1L,DIMT1,TFAP2C,RFX2,KHSRP,TEKT2,CDC5L,CDC7,HNRNPM,PACSIN2,ZMYND8,ARFGAP1,EEA1,MEDAG,ZNF423,USP31,PIH1D1,SF3A2,ISYNA1,TMEM59L,WDR91,COBL,FUBP3,TRDMT1,CUEDC2,SLC6A4,MANBA,GAR1,CPT1A,RNGTT,FANCE,RNF8,BAG2,KHDRBS2,E2F3,WASF1,MDFI,BYSL,TCERG1,NCL,ELMOD3,ORC2,SUMO1,FARSB,EBNA1BP2,CD3EAP,CASP8AP2,UBE3D,HEATR1,NEK6,RNF2,KHDRBS1,UBL3,NUDT10,NLN,ITIH5,RAB9A,TTPAL,ARFGEF2,ZNFX1,NAGK,SNRPC,MED20,KLHDC3,RIOK1,RPP40,UBA2,PRMT1,DNAJC8,IFI6,KRI1,PHF10,LSM7,EXOSC2,ZNF227,DHX30,MYBBP1A,COQ3,PPP1R3D,CCNA1,RNF128,WDR74,LRRIQ1,LARS,ELP3,CAPRIN1,CD63,CCT7,ACBD6,ITM2C,DNAJB2,ZFP37,PPIL1,TGS1,TMPRSS13,LRRC49,ACTR1A,BBS7,FBN2,GUCD1,RDH16,IGF1R,SH3GL3,PARN,COPS3,RPL11,KIAA0319L,ITGB3BP,IGSF3,UCK2,PFDN2,XPR1,SETDB1,LBR,SYT2,ALDH1L1,NCEH1,DGKQ,CAMK2D,RPS3A,RPL7L1,IRAK1BP1,MMS22L,PM20D2,RBMX,RPP30,FRA10AC1,PPRC1,PDCD11,ENDOD1,FADS1,LIX1L,HOMER1,TXNDC11,CLGN,SYCP2L,FBXO36,BUB3,PHKG2,DHRS1,TAB3,SKI,GART,PSMD4,AMFR,ZNF222,CBS,U2AF1,PKN3,DUSP14,CCDC138,HDAC11,CADPS,UVSSA,ABCE1,GRPEL2,DNAAF2,OTX2,PDZD8,DDX21,NOLC1,CCT2,C11ORF74,TMED3,CENPV,BLCAP,FAM102A,KIAA1586,MLKL,GJB1,RALGAPB,PA2G4,FAM98B,POLR1C,ANO5,PWWP2B,FRMD5,MAL,MANEA,PURG,LRFN4,PLEKHF2,PFAS,SERTAD2,PDXDC1,CCDC149,GLUD2,CNOT10,SLC25A21,RUVBL2,TANGO2,TMEM106A,NLRP9,ARHGAP30,RDM1,TRMT2B,TMEM120A,TDRD7,SUPT3H,IARS,NTNG2,PTPN1,MYL6B,HDAC2,SLC39A10,GSTK1,CXORF40A,SLC9A8,MAK16,TMEM229B,TMA16,FAM169A,BHLHB9,PFDN6"
"TF","Factor: ZF5; motif: GGSGCGCGS","TF:M10438","0.016212088726222814","1.7901610280981508","16365","269","247","19945","LASP1,KDM1A,RHBDF1,PSMB1,MRC2,PTBP1,TMEM159,FHL1,NUP160,STAU2,ZIC2,GOPC,MRTO4,NOP58,ZNF280C,CTSA,WDR18,ERBB3,DIP2B,ZNRD1,KIF2A,NUCKS1,TESK2,PDCD2,NDE1,SCARB1,MARK3,ANKRD13A,PAG1,TP53INP2,DUSP12,CD82,BCORL1,SEH1L,DIMT1,TFAP2C,RFX2,KHSRP,TEKT2,CDC5L,CDC7,HNRNPM,PACSIN2,ZMYND8,ARFGAP1,EEA1,MEDAG,ZNF423,USP31,PIH1D1,SF3A2,ISYNA1,TMEM59L,WDR91,COBL,FUBP3,TRDMT1,CUEDC2,SLC6A4,MANBA,GAR1,CPT1A,RNGTT,FANCE,RNF8,BAG2,KHDRBS2,E2F3,WASF1,MDFI,BYSL,TCERG1,NCL,ELMOD3,ORC2,SUMO1,FARSB,EBNA1BP2,CD3EAP,CASP8AP2,UBE3D,HEATR1,NEK6,RNF2,KHDRBS1,UBL3,NUDT10,NLN,ITIH5,RAB9A,TTPAL,ARFGEF2,ZNFX1,NAGK,SNRPC,MED20,KLHDC3,RIOK1,RPP40,UBA2,PRMT1,DNAJC8,IFI6,KRI1,PHF10,LSM7,EXOSC2,ZNF227,DHX30,MYBBP1A,COQ3,PPP1R3D,CCNA1,RNF128,WDR74,LRRIQ1,LARS,ELP3,CAPRIN1,CD63,CCT7,ACBD6,ITM2C,DNAJB2,ZFP37,PPIL1,TGS1,TMPRSS13,LRRC49,ACTR1A,BBS7,FBN2,GUCD1,RDH16,IGF1R,SH3GL3,PARN,COPS3,RPL11,KIAA0319L,ITGB3BP,IGSF3,UCK2,PFDN2,XPR1,SETDB1,LBR,SYT2,ALDH1L1,NCEH1,DGKQ,CAMK2D,RPS3A,RPL7L1,IRAK1BP1,MMS22L,PM20D2,RBMX,RPP30,FRA10AC1,PPRC1,PDCD11,ENDOD1,FADS1,LIX1L,HOMER1,TXNDC11,CLGN,SYCP2L,FBXO36,BUB3,PHKG2,DHRS1,TAB3,SKI,GART,PSMD4,AMFR,ZNF222,CBS,U2AF1,PKN3,DUSP14,CCDC138,HDAC11,CADPS,UVSSA,ABCE1,GRPEL2,DNAAF2,OTX2,PDZD8,DDX21,NOLC1,CCT2,C11ORF74,TMED3,CENPV,BLCAP,FAM102A,KIAA1586,MLKL,GJB1,RALGAPB,PA2G4,FAM98B,POLR1C,ANO5,PWWP2B,FRMD5,MAL,MANEA,PURG,LRFN4,PLEKHF2,PFAS,SERTAD2,PDXDC1,CCDC149,GLUD2,CNOT10,SLC25A21,RUVBL2,TANGO2,TMEM106A,NLRP9,ARHGAP30,RDM1,TRMT2B,TMEM120A,TDRD7,SUPT3H,IARS,NTNG2,PTPN1,MYL6B,HDAC2,SLC39A10,GSTK1,CXORF40A,SLC9A8,MAK16,TMEM229B,TMA16,FAM169A,BHLHB9,PFDN6"
"TF","Factor: c-Myc; motif: NCCACGTGCNN; match class: 0","TF:M09992_0","0.02309840103219643","1.636418082745462","5704","269","111","19945","RHBDF1,PTBP1,FHL1,ZIC2,MRTO4,NOP58,CTSA,KIF2A,TESK2,PDCD2,SCARB1,ANKRD13A,TP53INP2,BCORL1,SEH1L,DIMT1,KHSRP,CDC7,HNRNPM,PACSIN2,CEP128,ZNF423,USP31,TRDMT1,CUEDC2,SLC6A4,MANBA,GAR1,CRYAB,RNF8,BAG2,BYSL,GHR,TCERG1,NCL,ELMOD3,FARSB,EBNA1BP2,CD3EAP,UBE3D,HEATR1,NEK6,KHDRBS1,NUDT10,NLN,TTPAL,ARFGEF2,MED20,RIOK1,RPP40,PRMT1,DNAJC8,KRI1,PHF10,EXOSC2,MYBBP1A,COQ3,WDR74,LARS,ELP3,CAPRIN1,CD63,PPIL1,TMPRSS13,FBN2,RDH16,RPL11,PFDN2,SETDB1,ALDH1L1,DGKQ,RPL7L1,IRAK1BP1,GSN,FRA10AC1,PPRC1,ENDOD1,TXNDC11,CLGN,BUB3,PHKG2,GDPD5,GART,AMFR,CBS,DUSP14,INTU,DNAAF2,PDZD8,DDX21,NOLC1,CCT2,TMED3,MLKL,GJB1,PA2G4,ANO5,PURG,LRFN4,PFAS,GLUD2,TMEM120A,SUPT3H,IARS,HDAC2,GSTK1,MAK16,TMEM229B,TMA16,LIPN,PFDN6"
"TF","Factor: c-Myc; motif: NCCACGTGCNN","TF:M09992","0.02309840103219643","1.636418082745462","5704","269","111","19945","RHBDF1,PTBP1,FHL1,ZIC2,MRTO4,NOP58,CTSA,KIF2A,TESK2,PDCD2,SCARB1,ANKRD13A,TP53INP2,BCORL1,SEH1L,DIMT1,KHSRP,CDC7,HNRNPM,PACSIN2,CEP128,ZNF423,USP31,TRDMT1,CUEDC2,SLC6A4,MANBA,GAR1,CRYAB,RNF8,BAG2,BYSL,GHR,TCERG1,NCL,ELMOD3,FARSB,EBNA1BP2,CD3EAP,UBE3D,HEATR1,NEK6,KHDRBS1,NUDT10,NLN,TTPAL,ARFGEF2,MED20,RIOK1,RPP40,PRMT1,DNAJC8,KRI1,PHF10,EXOSC2,MYBBP1A,COQ3,WDR74,LARS,ELP3,CAPRIN1,CD63,PPIL1,TMPRSS13,FBN2,RDH16,RPL11,PFDN2,SETDB1,ALDH1L1,DGKQ,RPL7L1,IRAK1BP1,GSN,FRA10AC1,PPRC1,ENDOD1,TXNDC11,CLGN,BUB3,PHKG2,GDPD5,GART,AMFR,CBS,DUSP14,INTU,DNAAF2,PDZD8,DDX21,NOLC1,CCT2,TMED3,MLKL,GJB1,PA2G4,ANO5,PURG,LRFN4,PFAS,GLUD2,TMEM120A,SUPT3H,IARS,HDAC2,GSTK1,MAK16,TMEM229B,TMA16,LIPN,PFDN6"
"TF","Factor: E2F1; motif: NNNNNGCGSSAAAN; match class: 0","TF:M08874_0","0.030900806554409414","1.5100301847318678","7252","269","133","19945","LASP1,MRC2,PTBP1,FHL1,NUP160,STAU2,ZIC2,R3HDM1,MRTO4,ZNF280C,WDR18,ERBB3,DIP2B,NUCKS1,TESK2,FMO4,ANKRD13A,CD82,DIMT1,TFAP2C,TEKT2,CDC5L,CDC7,HNRNPM,PACSIN2,ZMYND8,ARFGAP1,USP31,PIH1D1,SF3A2,ISYNA1,TMEM59L,COBL,KHDRBS2,E2F3,WASF1,BYSL,NCL,ORC2,SUMO1,FARSB,EBNA1BP2,CD3EAP,CASP8AP2,HEATR1,KHDRBS1,NLN,TTPAL,ARFGEF2,ZNFX1,MED20,KLHDC3,RPP40,UBA2,PRMT1,KRI1,PHF10,ZNF227,MYBBP1A,COQ3,PPP1R3D,CCNA1,WDR74,CD63,CCT7,ACBD6,ITM2C,ZFP37,PPIL1,LRRC49,IGF1R,SH3GL3,COPS3,UCK2,XPR1,SETDB1,LBR,SYT2,ALDH1L1,RPS3A,IRAK1BP1,MMS22L,PM20D2,RPP30,FRA10AC1,PPRC1,ENDOD1,FADS1,HOMER1,CLGN,FBXO36,BUB3,DHRS1,SKI,GDPD5,GART,PSMD4,AMFR,CBS,PKN3,DUSP14,CADPS,UVSSA,PDZD8,DDX21,NOLC1,MLKL,GJB1,PA2G4,FAM98B,POLR1C,ANO5,MANEA,PURG,LRFN4,PFAS,SERTAD2,PDXDC1,CCDC149,CNOT10,SLC25A21,TANGO2,TRMT2B,TDRD7,SUPT3H,IARS,PTPN1,HDAC2,SLC39A10,GSTK1,CXORF40A,TMA16,BHLHB9"
"TF","Factor: E2F1; motif: NNNNNGCGSSAAAN","TF:M08874","0.030900806554409414","1.5100301847318678","7252","269","133","19945","LASP1,MRC2,PTBP1,FHL1,NUP160,STAU2,ZIC2,R3HDM1,MRTO4,ZNF280C,WDR18,ERBB3,DIP2B,NUCKS1,TESK2,FMO4,ANKRD13A,CD82,DIMT1,TFAP2C,TEKT2,CDC5L,CDC7,HNRNPM,PACSIN2,ZMYND8,ARFGAP1,USP31,PIH1D1,SF3A2,ISYNA1,TMEM59L,COBL,KHDRBS2,E2F3,WASF1,BYSL,NCL,ORC2,SUMO1,FARSB,EBNA1BP2,CD3EAP,CASP8AP2,HEATR1,KHDRBS1,NLN,TTPAL,ARFGEF2,ZNFX1,MED20,KLHDC3,RPP40,UBA2,PRMT1,KRI1,PHF10,ZNF227,MYBBP1A,COQ3,PPP1R3D,CCNA1,WDR74,CD63,CCT7,ACBD6,ITM2C,ZFP37,PPIL1,LRRC49,IGF1R,SH3GL3,COPS3,UCK2,XPR1,SETDB1,LBR,SYT2,ALDH1L1,RPS3A,IRAK1BP1,MMS22L,PM20D2,RPP30,FRA10AC1,PPRC1,ENDOD1,FADS1,HOMER1,CLGN,FBXO36,BUB3,DHRS1,SKI,GDPD5,GART,PSMD4,AMFR,CBS,PKN3,DUSP14,CADPS,UVSSA,PDZD8,DDX21,NOLC1,MLKL,GJB1,PA2G4,FAM98B,POLR1C,ANO5,MANEA,PURG,LRFN4,PFAS,SERTAD2,PDXDC1,CCDC149,CNOT10,SLC25A21,TANGO2,TRMT2B,TDRD7,SUPT3H,IARS,PTPN1,HDAC2,SLC39A10,GSTK1,CXORF40A,TMA16,BHLHB9"
"TF","Factor: E2F-1:HES-7; motif: GGCRCGTGSYNNWNGGCGCSM; match class: 1","TF:M08525_1","0.03466335228687768","1.4601294390458892","15404","269","236","19945","LASP1,KDM1A,CX3CL1,RHBDF1,MRC2,PTBP1,TMEM159,FHL1,STAU2,ZIC2,GOPC,MRTO4,NOP58,ZNF280C,CTSA,WDR18,ERBB3,DIP2B,ZNRD1,KIF2A,NUCKS1,TESK2,PDCD2,NDE1,SCARB1,MARK3,ANKRD13A,PAG1,TP53INP2,DUSP12,CD82,BCORL1,SEH1L,DIMT1,TFAP2C,KHSRP,TEKT2,CDC5L,CDC7,HNRNPM,PACSIN2,PRMT5,ZMYND8,ARFGAP1,EEA1,MEDAG,ZNF423,USP31,PIH1D1,SF3A2,ISYNA1,TMEM59L,WDR91,COBL,FUBP3,TRDMT1,NPM3,CUEDC2,SLC6A4,MANBA,GAR1,RNGTT,FANCE,RNF8,BAG2,KHDRBS2,E2F3,WASF1,MDFI,BYSL,TCERG1,NCL,ELMOD3,ORC2,SUMO1,EBNA1BP2,CD3EAP,CASP8AP2,UBE3D,HEATR1,NEK6,RNF2,KHDRBS1,UBL3,NUDT10,NLN,ITIH5,RAB9A,TTPAL,ARFGEF2,ZNFX1,NAGK,SNRPC,MED20,KLHDC3,RPP40,UBA2,PRMT1,DNAJC8,IFI6,KRI1,PHF10,LSM7,EXOSC2,ZNF227,DHX30,MYBBP1A,COQ3,PPP1R3D,CCNA1,RNF128,WDR74,LARS,ELP3,CAPRIN1,CD63,CCT7,ACBD6,ITM2C,DNAJB2,ZFP37,PPIL1,TGS1,LRRC49,ACTR1A,BBS7,FBN2,GUCD1,SERPINA10,IGF1R,SH3GL3,PARN,COPS3,RPL11,KIAA0319L,IGSF3,UCK2,PFDN2,XPR1,SETDB1,LBR,SYT2,ALDH1L1,NCEH1,DGKQ,CAMK2D,RPS3A,RPL7L1,IRAK1BP1,MMS22L,PM20D2,RBMX,RPP30,FRA10AC1,PPRC1,PDCD11,ENDOD1,FADS1,LIX1L,HOMER1,CWC27,TXNDC11,CLGN,SYCP2L,FBXO36,BUB3,PHKG2,DHRS1,SKI,GDPD5,GART,PSMD4,AMFR,CBS,U2AF1,PKN3,DUSP14,CCDC138,HDAC11,CADPS,UVSSA,ABCE1,DNAAF2,PDZD8,DDX21,NOLC1,CCT2,TMED3,CENPV,BLCAP,FAM102A,KIAA1586,MLKL,GJB1,RALGAPB,PA2G4,FAM98B,POLR1C,ANO5,PWWP2B,FRMD5,MAL,MANEA,PURG,LRFN4,PLEKHF2,PFAS,SERTAD2,PDXDC1,CCDC149,GLUD2,CNOT10,SLC25A21,RUVBL2,TANGO2,TMEM106A,ARHGAP30,TRMT2B,TMEM120A,TDRD7,SUPT3H,IARS,NTNG2,PTPN1,MYL6B,HDAC2,SLC39A10,GSTK1,CXORF40A,SLC9A8,MAK16,TMEM229B,TMA16,FAM169A,BHLHB9,PFDN6"
"TF","Factor: E2F; motif: GGCGSG","TF:M00803","0.04041593292377708","1.3934473919001407","13243","269","211","19945","LASP1,KDM1A,RHBDF1,MRC2,PTBP1,TMEM159,FHL1,STAU2,ZIC2,GOPC,MRTO4,CTSA,WDR18,ERBB3,DIP2B,KIF2A,NUCKS1,TESK2,PDCD2,NDE1,SCARB1,MARK3,ANKRD13A,PAG1,TP53INP2,DUSP12,BCORL1,SEH1L,DIMT1,TFAP2C,KHSRP,TEKT2,CDC7,HNRNPM,PACSIN2,ZMYND8,ARFGAP1,EEA1,MEDAG,USP31,PIH1D1,SF3A2,ISYNA1,TMEM59L,WDR91,COBL,FUBP3,TRDMT1,NPM3,CUEDC2,SLC6A4,MANBA,RNGTT,FANCE,RNF8,BAG2,KHDRBS2,E2F3,WASF1,MDFI,BYSL,TCERG1,NCL,ORC2,SUMO1,FARSB,EBNA1BP2,CD3EAP,CASP8AP2,UBE3D,HEATR1,NEK6,RNF2,KHDRBS1,UBL3,NUDT10,NLN,ITIH5,RAB9A,TTPAL,ARFGEF2,ZNFX1,SNRPC,MED20,KLHDC3,RIOK1,RPP40,UBA2,DNAJC8,KRI1,PHF10,LSM7,ZNF227,DHX30,COQ3,PPP1R3D,CCNA1,RNF128,WDR74,LARS,CAPRIN1,CD63,ACBD6,ITM2C,DNAJB2,ZFP37,PPIL1,TGS1,LRRC49,ACTR1A,BBS7,FBN2,GUCD1,IGF1R,SH3GL3,PARN,COPS3,RPL11,KIAA0319L,ITGB3BP,IGSF3,UCK2,PFDN2,XPR1,SETDB1,LBR,SYT2,ALDH1L1,DGKQ,CAMK2D,RPS3A,RPL7L1,IRAK1BP1,MMS22L,PM20D2,RBMX,RPP30,PPRC1,PDCD11,ENDOD1,FADS1,LIX1L,HOMER1,TXNDC11,CLGN,SYCP2L,FBXO36,BUB3,PHKG2,DHRS1,SKI,GART,PSMD4,AMFR,ZNF222,CBS,U2AF1,PKN3,DUSP14,CCDC138,HDAC11,CADPS,UVSSA,GRPEL2,DNAAF2,PDZD8,DDX21,NOLC1,CCT2,TMED3,CENPV,BLCAP,FAM102A,KIAA1586,MLKL,GJB1,RALGAPB,PA2G4,FAM98B,ANO5,PWWP2B,FRMD5,MAL,MANEA,PURG,LRFN4,PLEKHF2,PFAS,SERTAD2,PDXDC1,CCDC149,GLUD2,CNOT10,SLC25A21,RUVBL2,TANGO2,TMEM120A,TDRD7,SUPT3H,IARS,NTNG2,PTPN1,HDAC2,SLC39A10,CXORF40A,SLC9A8,MAK16,TMEM229B,TMA16,FAM169A,BHLHB9"
"TF","Factor: E2F; motif: GGCGSG; match class: 0","TF:M00803_0","0.04041593292377708","1.3934473919001407","13243","269","211","19945","LASP1,KDM1A,RHBDF1,MRC2,PTBP1,TMEM159,FHL1,STAU2,ZIC2,GOPC,MRTO4,CTSA,WDR18,ERBB3,DIP2B,KIF2A,NUCKS1,TESK2,PDCD2,NDE1,SCARB1,MARK3,ANKRD13A,PAG1,TP53INP2,DUSP12,BCORL1,SEH1L,DIMT1,TFAP2C,KHSRP,TEKT2,CDC7,HNRNPM,PACSIN2,ZMYND8,ARFGAP1,EEA1,MEDAG,USP31,PIH1D1,SF3A2,ISYNA1,TMEM59L,WDR91,COBL,FUBP3,TRDMT1,NPM3,CUEDC2,SLC6A4,MANBA,RNGTT,FANCE,RNF8,BAG2,KHDRBS2,E2F3,WASF1,MDFI,BYSL,TCERG1,NCL,ORC2,SUMO1,FARSB,EBNA1BP2,CD3EAP,CASP8AP2,UBE3D,HEATR1,NEK6,RNF2,KHDRBS1,UBL3,NUDT10,NLN,ITIH5,RAB9A,TTPAL,ARFGEF2,ZNFX1,SNRPC,MED20,KLHDC3,RIOK1,RPP40,UBA2,DNAJC8,KRI1,PHF10,LSM7,ZNF227,DHX30,COQ3,PPP1R3D,CCNA1,RNF128,WDR74,LARS,CAPRIN1,CD63,ACBD6,ITM2C,DNAJB2,ZFP37,PPIL1,TGS1,LRRC49,ACTR1A,BBS7,FBN2,GUCD1,IGF1R,SH3GL3,PARN,COPS3,RPL11,KIAA0319L,ITGB3BP,IGSF3,UCK2,PFDN2,XPR1,SETDB1,LBR,SYT2,ALDH1L1,DGKQ,CAMK2D,RPS3A,RPL7L1,IRAK1BP1,MMS22L,PM20D2,RBMX,RPP30,PPRC1,PDCD11,ENDOD1,FADS1,LIX1L,HOMER1,TXNDC11,CLGN,SYCP2L,FBXO36,BUB3,PHKG2,DHRS1,SKI,GART,PSMD4,AMFR,ZNF222,CBS,U2AF1,PKN3,DUSP14,CCDC138,HDAC11,CADPS,UVSSA,GRPEL2,DNAAF2,PDZD8,DDX21,NOLC1,CCT2,TMED3,CENPV,BLCAP,FAM102A,KIAA1586,MLKL,GJB1,RALGAPB,PA2G4,FAM98B,ANO5,PWWP2B,FRMD5,MAL,MANEA,PURG,LRFN4,PLEKHF2,PFAS,SERTAD2,PDXDC1,CCDC149,GLUD2,CNOT10,SLC25A21,RUVBL2,TANGO2,TMEM120A,TDRD7,SUPT3H,IARS,NTNG2,PTPN1,HDAC2,SLC39A10,CXORF40A,SLC9A8,MAK16,TMEM229B,TMA16,FAM169A,BHLHB9"
"TF","Factor: RREB-1; motif: GGGWCSA","TF:M05439","0.040663738264785344","1.390792698665506","8651","269","152","19945","LASP1,KDM1A,RHBDF1,PSMB1,MRC2,PTBP1,TMEM159,NUP160,STAU2,ZIC2,GOPC,DIP2B,ZNRD1,NUCKS1,NDE1,MARK3,PAG1,TP53INP2,DUSP12,CD82,SEH1L,TFAP2C,KHSRP,CDC5L,CDC7,HNRNPM,PACSIN2,PRMT5,ARFGAP1,EEA1,MEDAG,SF3A2,ISYNA1,TMEM59L,WDR91,TRDMT1,SLC6A4,MANBA,RNGTT,RNF8,KHDRBS2,E2F3,WASF1,MDFI,TCERG1,NCL,ELMOD3,SUMO1,FARSB,CD3EAP,CASP8AP2,UBE3D,HEATR1,NEK6,RNF2,KHDRBS1,UBL3,NUDT10,ITIH5,RAB9A,ZNFX1,NAGK,KLHDC3,PRMT1,DNAJC8,KRI1,PHF10,EXOSC2,MYBBP1A,WDR74,ELP3,CAPRIN1,CD63,CCT7,ACBD6,TGS1,BBS7,FBN2,GUCD1,RDH16,IGF1R,SH3GL3,PARN,ITGB3BP,IGSF3,UCK2,XPR1,SYT2,ALDH1L1,CAMK2D,IRAK1BP1,MMS22L,PM20D2,RBMX,FRA10AC1,PPRC1,ENDOD1,FADS1,LIX1L,HOMER1,TXNDC11,CLGN,FBXO36,BUB3,PHKG2,DHRS1,SKI,GDPD5,AMFR,CBS,U2AF1,PKN3,DUSP14,CCDC138,HDAC11,UVSSA,PDZD8,TMED3,BLCAP,KIAA1586,GJB1,RALGAPB,PA2G4,POLR1C,ANO5,PWWP2B,FRMD5,MAL,LRFN4,PLEKHF2,PFAS,SERTAD2,PDXDC1,CCDC149,RPL35A,SLC25A21,NLRP9,ARHGAP30,RDM1,TMEM120A,TDRD7,SUPT3H,NTNG2,HDAC2,SLC39A10,SVIL,GSTK1,CXORF40A,MAK16,TMA16,FAM169A,PFDN6"
"TF","Factor: RREB-1; motif: GGGWCSA; match class: 0","TF:M05439_0","0.040663738264785344","1.390792698665506","8651","269","152","19945","LASP1,KDM1A,RHBDF1,PSMB1,MRC2,PTBP1,TMEM159,NUP160,STAU2,ZIC2,GOPC,DIP2B,ZNRD1,NUCKS1,NDE1,MARK3,PAG1,TP53INP2,DUSP12,CD82,SEH1L,TFAP2C,KHSRP,CDC5L,CDC7,HNRNPM,PACSIN2,PRMT5,ARFGAP1,EEA1,MEDAG,SF3A2,ISYNA1,TMEM59L,WDR91,TRDMT1,SLC6A4,MANBA,RNGTT,RNF8,KHDRBS2,E2F3,WASF1,MDFI,TCERG1,NCL,ELMOD3,SUMO1,FARSB,CD3EAP,CASP8AP2,UBE3D,HEATR1,NEK6,RNF2,KHDRBS1,UBL3,NUDT10,ITIH5,RAB9A,ZNFX1,NAGK,KLHDC3,PRMT1,DNAJC8,KRI1,PHF10,EXOSC2,MYBBP1A,WDR74,ELP3,CAPRIN1,CD63,CCT7,ACBD6,TGS1,BBS7,FBN2,GUCD1,RDH16,IGF1R,SH3GL3,PARN,ITGB3BP,IGSF3,UCK2,XPR1,SYT2,ALDH1L1,CAMK2D,IRAK1BP1,MMS22L,PM20D2,RBMX,FRA10AC1,PPRC1,ENDOD1,FADS1,LIX1L,HOMER1,TXNDC11,CLGN,FBXO36,BUB3,PHKG2,DHRS1,SKI,GDPD5,AMFR,CBS,U2AF1,PKN3,DUSP14,CCDC138,HDAC11,UVSSA,PDZD8,TMED3,BLCAP,KIAA1586,GJB1,RALGAPB,PA2G4,POLR1C,ANO5,PWWP2B,FRMD5,MAL,LRFN4,PLEKHF2,PFAS,SERTAD2,PDXDC1,CCDC149,RPL35A,SLC25A21,NLRP9,ARHGAP30,RDM1,TMEM120A,TDRD7,SUPT3H,NTNG2,HDAC2,SLC39A10,SVIL,GSTK1,CXORF40A,MAK16,TMA16,FAM169A,PFDN6"
"TF","Factor: E2F; motif: TTTCGCGC; match class: 0","TF:M00425_0","0.04323064216569356","1.3642083132300353","11154","269","185","19945","LASP1,KDM1A,CX3CL1,RHBDF1,TMEM159,FHL1,NUP160,STAU2,ZIC2,GOPC,MRTO4,NOP58,ZNF280C,CTSA,WDR18,ERBB3,DIP2B,ZNRD1,KIF2A,NUCKS1,TESK2,PDCD2,NDE1,SCARB1,MARK3,FMO4,ANKRD13A,DUSP12,DIMT1,TFAP2C,KHSRP,CDC5L,CDC7,HNRNPM,PACSIN2,ARFGAP1,EEA1,PIH1D1,SF3A2,ISYNA1,TMEM59L,WDR91,COBL,NPM3,CUEDC2,SLC6A4,MANBA,GAR1,CPT1A,RNGTT,BAG2,KHDRBS2,E2F3,WASF1,BYSL,NCL,ORC2,SUMO1,FARSB,EBNA1BP2,CD3EAP,CASP8AP2,UBE3D,HEATR1,RNF2,KHDRBS1,NUDT10,NLN,ITIH5,RAB9A,ARFGEF2,ZNFX1,NAGK,MED20,KLHDC3,RIOK1,RPP40,UBA2,PRMT1,DNAJC8,PHF10,LSM7,EXOSC2,ZNF227,DHX30,MYBBP1A,COQ3,PPP1R3D,RNF128,WDR74,LARS,ELP3,CAPRIN1,CCT7,ITM2C,DNAJB2,ZFP37,PPIL1,TGS1,LRRC49,ACTR1A,BBS7,FBN2,IGF1R,SH3GL3,COPS3,RPL11,ITGB3BP,UCK2,PFDN2,XPR1,SETDB1,SYT2,ALDH1L1,DGKQ,CAMK2D,RPL7L1,IRAK1BP1,PM20D2,RBMX,RPP30,PPRC1,PDCD11,ENDOD1,FADS1,LIX1L,HOMER1,CWC27,CLGN,SYCP2L,FBXO36,BUB3,PHKG2,DHRS1,SKI,GART,PSMD4,AMFR,ZNF222,CBS,DUSP14,CADPS,UVSSA,INTU,ABCE1,DDX21,NOLC1,CENPV,FAM102A,KIAA1586,MLKL,RALGAPB,FAM98B,ANO5,PWWP2B,MAL,MANEA,PURG,LRFN4,PLEKHF2,PFAS,SERTAD2,PDXDC1,GLUD2,RPL35A,CNOT10,SLC25A21,RUVBL2,TANGO2,ARHGAP30,RDM1,TMEM120A,SUPT3H,IARS,NTNG2,PTPN1,MYL6B,HDAC2,SLC39A10,SVIL,GSTK1,MAK16,FAM169A,BHLHB9,LIPN"
"TF","Factor: E2F; motif: TTTCGCGC","TF:M00425","0.04323064216569356","1.3642083132300353","11154","269","185","19945","LASP1,KDM1A,CX3CL1,RHBDF1,TMEM159,FHL1,NUP160,STAU2,ZIC2,GOPC,MRTO4,NOP58,ZNF280C,CTSA,WDR18,ERBB3,DIP2B,ZNRD1,KIF2A,NUCKS1,TESK2,PDCD2,NDE1,SCARB1,MARK3,FMO4,ANKRD13A,DUSP12,DIMT1,TFAP2C,KHSRP,CDC5L,CDC7,HNRNPM,PACSIN2,ARFGAP1,EEA1,PIH1D1,SF3A2,ISYNA1,TMEM59L,WDR91,COBL,NPM3,CUEDC2,SLC6A4,MANBA,GAR1,CPT1A,RNGTT,BAG2,KHDRBS2,E2F3,WASF1,BYSL,NCL,ORC2,SUMO1,FARSB,EBNA1BP2,CD3EAP,CASP8AP2,UBE3D,HEATR1,RNF2,KHDRBS1,NUDT10,NLN,ITIH5,RAB9A,ARFGEF2,ZNFX1,NAGK,MED20,KLHDC3,RIOK1,RPP40,UBA2,PRMT1,DNAJC8,PHF10,LSM7,EXOSC2,ZNF227,DHX30,MYBBP1A,COQ3,PPP1R3D,RNF128,WDR74,LARS,ELP3,CAPRIN1,CCT7,ITM2C,DNAJB2,ZFP37,PPIL1,TGS1,LRRC49,ACTR1A,BBS7,FBN2,IGF1R,SH3GL3,COPS3,RPL11,ITGB3BP,UCK2,PFDN2,XPR1,SETDB1,SYT2,ALDH1L1,DGKQ,CAMK2D,RPL7L1,IRAK1BP1,PM20D2,RBMX,RPP30,PPRC1,PDCD11,ENDOD1,FADS1,LIX1L,HOMER1,CWC27,CLGN,SYCP2L,FBXO36,BUB3,PHKG2,DHRS1,SKI,GART,PSMD4,AMFR,ZNF222,CBS,DUSP14,CADPS,UVSSA,INTU,ABCE1,DDX21,NOLC1,CENPV,FAM102A,KIAA1586,MLKL,RALGAPB,FAM98B,ANO5,PWWP2B,MAL,MANEA,PURG,LRFN4,PLEKHF2,PFAS,SERTAD2,PDXDC1,GLUD2,RPL35A,CNOT10,SLC25A21,RUVBL2,TANGO2,ARHGAP30,RDM1,TMEM120A,SUPT3H,IARS,NTNG2,PTPN1,MYL6B,HDAC2,SLC39A10,SVIL,GSTK1,MAK16,FAM169A,BHLHB9,LIPN"
"MIRNA","hsa-miR-92a-3p","MIRNA:hsa-miR-92a-3p","0.00002917747989871066","4.534952221467507","1403","242","51","14722","LASP1,PSMB1,PTBP1,WDR18,NUCKS1,SCARB1,KHSRP,CDC5L,HNRNPM,ZMYND8,USP31,E2F3,NCL,CD3EAP,HEATR1,NEK6,RNF2,KHDRBS1,ARFGEF2,RIOK1,LSM7,DHX30,MYBBP1A,PPP1R3D,RNF128,LARS,CAPRIN1,CCT7,PPIL1,ACTR1A,IGF1R,RPL11,UCK2,PFDN2,XPR1,SETDB1,RPS3A,SKI,GDPD5,CBS,PDZD8,KIAA1586,PA2G4,PURG,SERTAD2,RUVBL2,NLRP9,TRMT2B,HDAC2,TMA16,PFDN6"
"MIRNA","hsa-miR-615-3p","MIRNA:hsa-miR-615-3p","0.00682136593214077","2.166128652118651","890","242","33","14722","PTBP1,KIF2A,SCARB1,KHSRP,CDC7,HNRNPM,CUEDC2,TCERG1,NCL,EBNA1BP2,HEATR1,KHDRBS1,CCT7,PPIL1,FBN2,PFDN2,RPL7L1,RPP30,PDCD11,BUB3,PHKG2,GART,CBS,PKN3,GRPEL2,NOLC1,RALGAPB,PA2G4,PDXDC1,CNOT10,IARS,SVIL,PFDN6"
"HPA","cerebral cortex; glial cells[Supported,Medium]","HPA:008020_12","0.0015341382543376395","2.814135500628005","593","146","25","9494","KDM1A,PTBP1,NOP58,ZNRD1,NUCKS1,CDC5L,HNRNPM,GAR1,KHDRBS2,NCL,ARFGEF2,SNRPC,UBA2,DHX30,MYBBP1A,TGS1,NCEH1,RBMX,GSN,TXNDC11,BUB3,CBS,U2AF1,PA2G4,HDAC2"
"HPA","pancreas; islets of Langerhans[Uncertain,High]","HPA:032020_03","0.003370979438909412","2.4722438964245685","389","146","19","9494","PTBP1,ERBB3,NUCKS1,FMO4,CDC5L,HNRNPM,USP31,GAR1,NCL,TTPAL,SNRPC,UBA2,PHF10,MYBBP1A,TGS1,GSN,U2AF1,PDZD8,HDAC2"
"HPA","adrenal gland; glandular cells[Supported,High]","HPA:001040_13","0.007101557319373529","2.148646403246081","486","146","21","9494","KDM1A,PTBP1,NOP58,ZNRD1,NUCKS1,CDC5L,HNRNPM,GAR1,KHDRBS2,NCL,SUMO1,SNRPC,UBA2,PHF10,DHX30,MYBBP1A,TGS1,RBMX,BUB3,U2AF1,HDAC2"
"HPA","tonsil; squamous epithelial cells[Supported,Medium]","HPA:056030_12","0.007569364632349879","2.1209405733724607","778","146","28","9494","KDM1A,PTBP1,NOP58,ZNRD1,NUCKS1,CD82,CDC5L,HNRNPM,GAR1,KHDRBS2,NCL,SUMO1,CD3EAP,ARFGEF2,SNRPC,UBA2,PHF10,MYBBP1A,LARS,TGS1,NCEH1,RBMX,TXNDC11,BUB3,U2AF1,NOLC1,PA2G4,HDAC2"
"HPA","adrenal gland; glandular cells[Uncertain,High]","HPA:001040_03","0.010171793235666884","1.992602476408399","971","146","32","9494","KDM1A,PTBP1,NOP58,ERBB3,ZNRD1,NUCKS1,TESK2,FMO4,CDC5L,HNRNPM,USP31,FUBP3,GAR1,KHDRBS2,NCL,SUMO1,SNRPC,UBA2,PHF10,LSM7,DHX30,MYBBP1A,RNF128,TGS1,RBMX,BUB3,GDPD5,U2AF1,GRPEL2,PDZD8,GLUD2,HDAC2"
"HPA","tonsil; squamous epithelial cells[Supported,Low]","HPA:056030_11","0.015050745564677729","1.8224419860099754","898","146","30","9494","KDM1A,PTBP1,NOP58,ZNRD1,NUCKS1,CD82,CDC5L,HNRNPM,GAR1,KHDRBS2,NCL,SUMO1,CD3EAP,ARFGEF2,SNRPC,UBA2,PHF10,DHX30,MYBBP1A,LARS,CD63,TGS1,NCEH1,RBMX,TXNDC11,BUB3,U2AF1,NOLC1,PA2G4,HDAC2"
"HPA","breast; adipocytes[Supported,Low]","HPA:004010_11","0.016049258678397044","1.794545023029633","595","146","23","9494","KDM1A,PTBP1,NOP58,ZNRD1,NUCKS1,CD82,HNRNPM,GAR1,NCL,SUMO1,CD3EAP,ARFGEF2,SNRPC,UBA2,PHF10,MYBBP1A,TGS1,RBMX,TXNDC11,BUB3,U2AF1,PA2G4,HDAC2"
"HPA","lung; pneumocytes[Supported,Medium]","HPA:027020_12","0.01609575345376805","1.7932886888662216","637","146","24","9494","KDM1A,PTBP1,NOP58,ZNRD1,NUCKS1,CDC5L,HNRNPM,GAR1,NCL,SUMO1,ARFGEF2,SNRPC,UBA2,PHF10,LARS,CD63,TGS1,NCEH1,RBMX,TXNDC11,BUB3,U2AF1,PA2G4,HDAC2"
"HPA","lung; pneumocytes[Supported,Low]","HPA:027020_11","0.016533950516492795","1.7816233664812169","857","146","29","9494","KDM1A,PTBP1,NOP58,ZNRD1,NUCKS1,CDC5L,HNRNPM,GAR1,KHDRBS2,NCL,SUMO1,CD3EAP,ARFGEF2,SNRPC,UBA2,PHF10,DHX30,LARS,CD63,TGS1,NCEH1,RBMX,GSN,TXNDC11,BUB3,U2AF1,NOLC1,PA2G4,HDAC2"
"HPA","kidney; cells in tubules[Uncertain,High]","HPA:024020_03","0.017920697116623786","1.7466451002534527","999","146","32","9494","PTBP1,NOP58,ERBB3,ZNRD1,NUCKS1,TESK2,FMO4,HNRNPM,USP31,FUBP3,GAR1,KHDRBS2,NCL,TTPAL,SNRPC,UBA2,PHF10,DHX30,RNF128,ELP3,TGS1,IGF1R,SETDB1,RBMX,GDPD5,U2AF1,PKN3,C11ORF74,GJB1,GLUD2,HDAC2,MAK16"
"HPA","cerebellum; cells in molecular layer[Supported,Low]","HPA:007030_11","0.020561482327985305","1.6869455791875372","822","146","28","9494","KDM1A,PTBP1,NOP58,ZNRD1,NUCKS1,CDC5L,HNRNPM,GAR1,KHDRBS2,NCL,SUMO1,CD3EAP,ARFGEF2,SNRPC,UBA2,PHF10,MYBBP1A,LARS,TGS1,NCEH1,RBMX,GSN,TXNDC11,BUB3,U2AF1,NOLC1,PA2G4,HDAC2"
"HPA","pancreas; islets of Langerhans[Supported,Medium]","HPA:032020_12","0.023960921129799913","1.6204964903770618","653","146","24","9494","PTBP1,NOP58,ZNRD1,NUCKS1,CD82,CDC5L,HNRNPM,GAR1,KHDRBS2,NCL,SUMO1,ARFGEF2,SNRPC,UBA2,PHF10,MYBBP1A,TGS1,RBMX,GSN,TXNDC11,BUB3,U2AF1,PA2G4,HDAC2"
"HPA","pancreas; islets of Langerhans[Supported,High]","HPA:032020_13","0.02706332848313661","1.5676187911470045","267","146","14","9494","PTBP1,NUCKS1,CDC5L,HNRNPM,GAR1,NCL,SNRPC,UBA2,PHF10,MYBBP1A,TGS1,GSN,U2AF1,HDAC2"
"HPA","lung; pneumocytes[Supported,High]","HPA:027020_13","0.030424250690629553","1.5167801090693727","305","146","15","9494","KDM1A,PTBP1,NUCKS1,HNRNPM,GAR1,NCL,SUMO1,SNRPC,UBA2,PHF10,TGS1,RBMX,BUB3,U2AF1,HDAC2"
"HPA","cerebral cortex; glial cells[Supported,Low]","HPA:008020_11","0.031657953472973156","1.4995171635141644","797","146","27","9494","KDM1A,PTBP1,NOP58,ZNRD1,NUCKS1,CDC5L,HNRNPM,GAR1,KHDRBS2,NCL,SUMO1,CD3EAP,ARFGEF2,SNRPC,UBA2,DHX30,MYBBP1A,TGS1,NCEH1,RBMX,GSN,TXNDC11,BUB3,CBS,U2AF1,PA2G4,HDAC2"
"HPA","cerebellum; Purkinje cells[Supported,Medium]","HPA:007010_12","0.03229822729132351","1.490821313542688","709","146","25","9494","NOP58,ZNRD1,NUCKS1,CDC5L,HNRNPM,KHDRBS2,NCL,SUMO1,CD3EAP,ARFGEF2,SNRPC,UBA2,PHF10,DHX30,MYBBP1A,LARS,TGS1,NCEH1,RBMX,TXNDC11,BUB3,U2AF1,NOLC1,PA2G4,HDAC2"
"HPA","lymph node; non-germinal center cells[Supported,Low]","HPA:028020_11","0.03939191791902622","1.4045928736876263","899","146","29","9494","KDM1A,PTBP1,NOP58,ZNRD1,NUCKS1,CD82,CDC5L,HNRNPM,GAR1,KHDRBS2,NCL,SUMO1,CD3EAP,ARFGEF2,SNRPC,UBA2,PHF10,DHX30,MYBBP1A,CD63,TGS1,NCEH1,RBMX,GSN,TXNDC11,BUB3,U2AF1,PA2G4,HDAC2"
"HPA","bronchus; respiratory epithelial cells[Supported,High]","HPA:005010_13","0.04042982981930185","1.3932980867319622","506","146","20","9494","KDM1A,PTBP1,NOP58,ZNRD1,NUCKS1,CDC5L,HNRNPM,GAR1,NCL,SUMO1,SNRPC,UBA2,PHF10,MYBBP1A,LARS,TGS1,RBMX,U2AF1,PA2G4,HDAC2"
"HPA","epididymis; glandular cells[Uncertain,High]","HPA:015010_03","0.043647364530643294","1.3600419742803647","767","146","26","9494","PTBP1,ERBB3,ZNRD1,NUCKS1,TESK2,FMO4,CDC5L,HNRNPM,USP31,FUBP3,GAR1,KHDRBS2,NCL,SUMO1,TTPAL,SNRPC,UBA2,PHF10,MYBBP1A,LARS,TGS1,SETDB1,RBMX,U2AF1,GJB1,HDAC2"
"HPA","gallbladder; glandular cells[Supported,High]","HPA:019010_13","0.04562253838562845","1.3408205547410343","594","146","22","9494","KDM1A,PTBP1,NOP58,ZNRD1,NUCKS1,CDC5L,HNRNPM,GAR1,NCL,SUMO1,SNRPC,UBA2,PHF10,MYBBP1A,LARS,TGS1,RBMX,TXNDC11,BUB3,U2AF1,PA2G4,HDAC2"
"HPA","cerebral cortex; glial cells[Uncertain,Medium]","HPA:008020_02","0.046187722441176624","1.3354734526834442","1146","146","34","9494","KDM1A,PTBP1,NOP58,ZNRD1,NUCKS1,TESK2,FMO4,CDC5L,HNRNPM,USP31,FUBP3,GAR1,KHDRBS2,NCL,ARFGEF2,SNRPC,UBA2,DHX30,MYBBP1A,TGS1,SETDB1,NCEH1,DGKQ,RBMX,GSN,TXNDC11,BUB3,CBS,U2AF1,GRPEL2,C11ORF74,PA2G4,GLUD2,HDAC2"
"HPA","pancreas; exocrine glandular cells[Supported,Low]","HPA:032010_11","0.04804298020026607","1.3183700602952309","956","146","30","9494","KDM1A,PTBP1,NOP58,ZNRD1,NUCKS1,CDC5L,HNRNPM,GAR1,KHDRBS2,NCL,SUMO1,CD3EAP,ARFGEF2,SNRPC,UBA2,PHF10,DHX30,MYBBP1A,LARS,CD63,TGS1,NCEH1,RBMX,GSN,TXNDC11,BUB3,CBS,U2AF1,PA2G4,HDAC2"
"CORUM","Nop56p-associated pre-rRNA complex","CORUM:3055","0.006094078657461503","2.2150919445536092","104","88","11","3629","NOP58,HNRNPM,NCL,EBNA1BP2,MYBBP1A,RPL11,RPS3A,U2AF1,DDX21,NOLC1,RPL35A"
